algorithm,configuration_id,parameters,rank_within_algorithm,runtime_seconds,cv_average_precision_mean,cv_average_precision_std,cv_roc_auc_mean,cv_roc_auc_std
xgboost,XGB-01,"{""colsample_bytree"": 1.0, ""learning_rate"": 0.05, ""max_depth"": 3, ""min_child_weight"": 1, ""n_estimators"": 300, ""reg_alpha"": 0, ""reg_lambda"": 1, ""subsample"": 1.0}",5,4.253428399999393,0.39887984341049254,0.0047666896219804465,0.8635574312476153,0.0026617296634057932
xgboost,XGB-02,"{""colsample_bytree"": 1.0, ""learning_rate"": 0.05, ""max_depth"": 2, ""min_child_weight"": 1, ""n_estimators"": 300, ""reg_alpha"": 0, ""reg_lambda"": 1, ""subsample"": 1.0}",8,2.03471669999999,0.3967203367367502,0.0062261377631631625,0.8622232160906677,0.0025683802505278726
xgboost,XGB-03,"{""colsample_bytree"": 1.0, ""learning_rate"": 0.05, ""max_depth"": 4, ""min_child_weight"": 1, ""n_estimators"": 300, ""reg_alpha"": 0, ""reg_lambda"": 1, ""subsample"": 1.0}",7,2.481902400002582,0.39808201043282415,0.0035190073259557396,0.8637307299572872,0.0022976664972178327
xgboost,XGB-04,"{""colsample_bytree"": 1.0, ""learning_rate"": 0.03, ""max_depth"": 3, ""min_child_weight"": 1, ""n_estimators"": 500, ""reg_alpha"": 0, ""reg_lambda"": 1, ""subsample"": 1.0}",6,3.2537969999975758,0.3986065435900279,0.00512607298866966,0.8636578333186963,0.002594612428085272
xgboost,XGB-05,"{""colsample_bytree"": 1.0, ""learning_rate"": 0.08, ""max_depth"": 3, ""min_child_weight"": 1, ""n_estimators"": 200, ""reg_alpha"": 0, ""reg_lambda"": 1, ""subsample"": 1.0}",4,1.731051100010518,0.3990959882793862,0.005236001501311867,0.8633929768181051,0.002434827830600751
xgboost,XGB-06,"{""colsample_bytree"": 1.0, ""learning_rate"": 0.05, ""max_depth"": 3, ""min_child_weight"": 5, ""n_estimators"": 300, ""reg_alpha"": 0, ""reg_lambda"": 1, ""subsample"": 1.0}",3,2.065587200006121,0.39936732278085907,0.005263966078892493,0.8636142005093476,0.0024693545793817856
xgboost,XGB-07,"{""colsample_bytree"": 0.8, ""learning_rate"": 0.05, ""max_depth"": 3, ""min_child_weight"": 1, ""n_estimators"": 300, ""reg_alpha"": 0, ""reg_lambda"": 1, ""subsample"": 0.8}",1,3.2042483999975957,0.4003835260566827,0.004925967662277159,0.8641801321120555,0.002562083182832899
xgboost,XGB-08,"{""colsample_bytree"": 1.0, ""learning_rate"": 0.05, ""max_depth"": 3, ""min_child_weight"": 1, ""n_estimators"": 300, ""reg_alpha"": 0, ""reg_lambda"": 5, ""subsample"": 1.0}",2,2.288587400005781,0.39942866860266235,0.004409585639132352,0.8636377811986297,0.002503080761289355
lightgbm,LGBM-01,"{""colsample_bytree"": 1.0, ""learning_rate"": 0.05, ""max_depth"": -1, ""min_child_samples"": 20, ""n_estimators"": 300, ""num_leaves"": 31, ""reg_alpha"": 0, ""reg_lambda"": 0, ""subsample"": 1.0, ""subsample_freq"": 0}",4,3.2418045999947935,0.39551612592217117,0.00379306981255471,0.8622233931997542,0.002522011834534156
lightgbm,LGBM-02,"{""colsample_bytree"": 1.0, ""learning_rate"": 0.05, ""max_depth"": -1, ""min_child_samples"": 20, ""n_estimators"": 300, ""num_leaves"": 15, ""reg_alpha"": 0, ""reg_lambda"": 0, ""subsample"": 1.0, ""subsample_freq"": 0}",1,2.741637200000696,0.3978005627030491,0.004551363505403142,0.8633132752884661,0.0027441703496446966
lightgbm,LGBM-03,"{""colsample_bytree"": 1.0, ""learning_rate"": 0.05, ""max_depth"": -1, ""min_child_samples"": 20, ""n_estimators"": 300, ""num_leaves"": 63, ""reg_alpha"": 0, ""reg_lambda"": 0, ""subsample"": 1.0, ""subsample_freq"": 0}",8,5.11749730000156,0.38781151420150267,0.0041202909780545674,0.8586314517675007,0.0027722595753124513
lightgbm,LGBM-04,"{""colsample_bytree"": 1.0, ""learning_rate"": 0.03, ""max_depth"": -1, ""min_child_samples"": 20, ""n_estimators"": 500, ""num_leaves"": 31, ""reg_alpha"": 0, ""reg_lambda"": 0, ""subsample"": 1.0, ""subsample_freq"": 0}",5,4.906109399991692,0.3955154777248315,0.004188487186256248,0.862107098181713,0.0026765457357972046
lightgbm,LGBM-05,"{""colsample_bytree"": 1.0, ""learning_rate"": 0.08, ""max_depth"": -1, ""min_child_samples"": 20, ""n_estimators"": 200, ""num_leaves"": 31, ""reg_alpha"": 0, ""reg_lambda"": 0, ""subsample"": 1.0, ""subsample_freq"": 0}",7,2.4018188000045484,0.3927295007021246,0.0044111278677070025,0.8612530032606628,0.002593217974766334
lightgbm,LGBM-06,"{""colsample_bytree"": 1.0, ""learning_rate"": 0.05, ""max_depth"": -1, ""min_child_samples"": 50, ""n_estimators"": 300, ""num_leaves"": 31, ""reg_alpha"": 0, ""reg_lambda"": 0, ""subsample"": 1.0, ""subsample_freq"": 0}",6,3.194657499989262,0.3940643295633389,0.004413017906977732,0.861487904156173,0.002626747424020842
lightgbm,LGBM-07,"{""colsample_bytree"": 0.8, ""learning_rate"": 0.05, ""max_depth"": -1, ""min_child_samples"": 20, ""n_estimators"": 300, ""num_leaves"": 31, ""reg_alpha"": 0, ""reg_lambda"": 0, ""subsample"": 0.8, ""subsample_freq"": 1}",3,3.586213799993857,0.39556880126718275,0.0037106488108656485,0.8623968845852531,0.0027765515533226897
lightgbm,LGBM-08,"{""colsample_bytree"": 1.0, ""learning_rate"": 0.05, ""max_depth"": -1, ""min_child_samples"": 20, ""n_estimators"": 300, ""num_leaves"": 31, ""reg_alpha"": 0, ""reg_lambda"": 5, ""subsample"": 1.0, ""subsample_freq"": 0}",2,3.570168599995668,0.3968090158108869,0.0019069957401619663,0.8628700009685402,0.0028047099177150067
