model,calibration_method,bin_id,count,mean_predicted_probability,observed_positive_rate,absolute_gap
Logistic Balanced,uncalibrated,1,2249,0.14870352592188027,0.008448199199644287,0.14025532672223598
Logistic Balanced,uncalibrated,2,2249,0.20318691846955386,0.008448199199644287,0.19473871926990957
Logistic Balanced,uncalibrated,3,2248,0.24037309413974853,0.01912811387900356,0.22124498026074496
Logistic Balanced,uncalibrated,4,2249,0.2755285168237023,0.025344597598932858,0.2501839192247694
Logistic Balanced,uncalibrated,5,2248,0.3130284881440531,0.032473309608540925,0.28055517853551215
Logistic Balanced,uncalibrated,6,2249,0.3516257956375375,0.03379279679857715,0.3178329988389603
Logistic Balanced,uncalibrated,7,2248,0.3934547738193083,0.04048042704626335,0.35297434677304496
Logistic Balanced,uncalibrated,8,2249,0.4394751672733968,0.050689195197865716,0.3887859720755311
Logistic Balanced,uncalibrated,9,2248,0.5360916156673775,0.11165480427046263,0.42443681139691486
Logistic Balanced,uncalibrated,10,2249,0.8453455621065283,0.3268119164072921,0.5185336456992362
XGBoost Baseline,uncalibrated,1,2249,0.005977681354715221,0.0031124944419742106,0.0028651869127410104
XGBoost Baseline,uncalibrated,2,2250,0.008492327822372317,0.005333333333333333,0.003158994489038984
XGBoost Baseline,uncalibrated,3,2247,0.010861321783474964,0.011570983533600357,0.0007096617501253927
XGBoost Baseline,uncalibrated,4,2249,0.013924478903154418,0.009782125389061804,0.004142353514092614
XGBoost Baseline,uncalibrated,5,2248,0.019074991325519687,0.016459074733096084,0.0026159165924236026
XGBoost Baseline,uncalibrated,6,2249,0.028206882250473308,0.029346376167185415,0.0011394939167121074
XGBoost Baseline,uncalibrated,7,2248,0.04333489457165219,0.03336298932384341,0.009971905247808777
XGBoost Baseline,uncalibrated,8,2249,0.06715051908494897,0.06803023566029347,0.0008797165753444969
XGBoost Baseline,uncalibrated,9,2248,0.11619371521117636,0.12811387900355872,0.011920163792382366
XGBoost Baseline,uncalibrated,10,2249,0.36892744880906736,0.352156514006225,0.016770934802842363
LightGBM Tuned (LGBM-02),uncalibrated,1,2249,0.005071872985691058,0.0026678523788350376,0.0024040206068560205
LightGBM Tuned (LGBM-02),uncalibrated,2,2249,0.007471660508282147,0.006224988883948421,0.0012466716243337258
LightGBM Tuned (LGBM-02),uncalibrated,3,2248,0.00982388752959804,0.010231316725978648,0.00040742919638060704
LightGBM Tuned (LGBM-02),uncalibrated,4,2249,0.013009526885253564,0.012894619831036016,0.00011490705421754802
LightGBM Tuned (LGBM-02),uncalibrated,5,2248,0.018260945506932715,0.016459074733096084,0.0018018707738366307
LightGBM Tuned (LGBM-02),uncalibrated,6,2249,0.027231575729785372,0.024455313472654512,0.00277626225713086
LightGBM Tuned (LGBM-02),uncalibrated,7,2248,0.04157595747376531,0.03959074733096085,0.001985210142804457
LightGBM Tuned (LGBM-02),uncalibrated,8,2249,0.06626359656496485,0.062249888839484215,0.004013707725480632
LightGBM Tuned (LGBM-02),uncalibrated,9,2248,0.11914503395153399,0.12944839857651247,0.010303364624978481
LightGBM Tuned (LGBM-02),uncalibrated,10,2249,0.3749338842049167,0.3530457981325033,0.021888086072413382
Logistic Balanced,sigmoid,1,2249,0.020051176294573446,0.008448199199644287,0.011602977094929159
Logistic Balanced,sigmoid,2,2249,0.02622960739710316,0.008448199199644287,0.017781408197458874
Logistic Balanced,sigmoid,3,2248,0.030531842559343384,0.01912811387900356,0.011403728680339825
Logistic Balanced,sigmoid,4,2249,0.03473641049015292,0.025344597598932858,0.009391812891220062
Logistic Balanced,sigmoid,5,2248,0.03941110342324661,0.032473309608540925,0.0069377938147056825
Logistic Balanced,sigmoid,6,2249,0.04448389808739089,0.03423743886171632,0.010246459225674569
Logistic Balanced,sigmoid,7,2248,0.05034505018102967,0.0400355871886121,0.01030946299241757
Logistic Balanced,sigmoid,8,2249,0.05735532893770328,0.050689195197865716,0.006666133739837564
Logistic Balanced,sigmoid,9,2248,0.07538514675123942,0.11165480427046263,0.03626965751922322
Logistic Balanced,sigmoid,10,2249,0.31267403601910715,0.3268119164072921,0.014137880388184976
Logistic Balanced,isotonic,1,2642,0.007827600157363035,0.007948523845571537,0.00012092368820850255
Logistic Balanced,isotonic,2,1963,0.01247202274318181,0.009169638308711156,0.003302384434470654
Logistic Balanced,isotonic,3,2390,0.018411378613015554,0.0200836820083682,0.0016723033953526464
Logistic Balanced,isotonic,4,2019,0.023823592850632024,0.024764735017335313,0.000941142166703289
Logistic Balanced,isotonic,5,2762,0.030657635085777065,0.030774800868935553,0.00011716578315848838
Logistic Balanced,isotonic,6,1958,0.03654484926017017,0.03575076608784474,0.0007940831723254257
Logistic Balanced,isotonic,7,2165,0.04518970041378366,0.04249422632794457,0.002695474085839089
Logistic Balanced,isotonic,8,2113,0.05727932835572594,0.0506389020350213,0.006640426320704641
Logistic Balanced,isotonic,9,2255,0.10720380419387276,0.11219512195121951,0.00499131775734675
Logistic Balanced,isotonic,10,2219,0.36200660260847667,0.330779630464173,0.031226972144303644
XGBoost Baseline,sigmoid,1,2249,0.029006638529794,0.0031124944419742106,0.02589414408781979
XGBoost Baseline,sigmoid,2,2249,0.029563522316902853,0.005780346820809248,0.023783175496093604
XGBoost Baseline,sigmoid,3,2248,0.030100640664768055,0.010676156583629894,0.01942448408113816
XGBoost Baseline,sigmoid,4,2249,0.030796308491979316,0.011560693641618497,0.01923561485036082
XGBoost Baseline,sigmoid,5,2248,0.031963622737461075,0.016459074733096084,0.015504548004364991
XGBoost Baseline,sigmoid,6,2249,0.034172504589349326,0.028012449977767896,0.0061600546115814295
XGBoost Baseline,sigmoid,7,2248,0.03822616439502969,0.035142348754448396,0.003083815640581293
XGBoost Baseline,sigmoid,8,2249,0.0455327421856908,0.06625166740773678,0.020718925222045978
XGBoost Baseline,sigmoid,9,2248,0.06546178734149481,0.1290035587188612,0.0635417713773664
XGBoost Baseline,sigmoid,10,2249,0.3443355140108254,0.35126722987994663,0.006931715869121224
XGBoost Baseline,isotonic,1,2249,0.0028673286092725297,0.0031124944419742106,0.0002451658327016809
XGBoost Baseline,isotonic,2,2250,0.00612556946652217,0.006666666666666667,0.0005410972001444973
XGBoost Baseline,isotonic,3,2533,0.009321736567644524,0.00986971969996052,0.0005479831323159969
XGBoost Baseline,isotonic,4,1963,0.012010072135820537,0.010697911360163017,0.0013121607756575206
XGBoost Baseline,isotonic,5,2309,0.019085701230119618,0.018189692507579038,0.0008960087225405797
XGBoost Baseline,isotonic,6,2191,0.027347417189627,0.02784116841624829,0.0004937512266212883
XGBoost Baseline,isotonic,7,2251,0.0428515520420129,0.03243003109729009,0.01042152094472281
XGBoost Baseline,isotonic,8,2244,0.07048582576328155,0.07085561497326204,0.0003697892099804867
XGBoost Baseline,isotonic,9,2248,0.12071576058016127,0.12544483985765126,0.0047290792774899865
XGBoost Baseline,isotonic,10,2248,0.3728055767423318,0.3527580071174377,0.020047569624894068
LightGBM Tuned (LGBM-02),sigmoid,1,2249,0.005201744214608186,0.0035571365051133837,0.001644607709494802
LightGBM Tuned (LGBM-02),sigmoid,2,2249,0.0078111582718031905,0.005335704757670075,0.0024754535141331153
LightGBM Tuned (LGBM-02),sigmoid,3,2248,0.010318323702706632,0.008896797153024912,0.0014215265496817196
LightGBM Tuned (LGBM-02),sigmoid,4,2249,0.013569327392996157,0.014228546020453535,0.0006592186274573773
LightGBM Tuned (LGBM-02),sigmoid,5,2248,0.018874453416860486,0.01601423487544484,0.002860218541415646
LightGBM Tuned (LGBM-02),sigmoid,6,2249,0.0280186644652218,0.02578923966207203,0.0022294248031497696
LightGBM Tuned (LGBM-02),sigmoid,7,2248,0.042635407702318565,0.03692170818505338,0.005713699517265185
LightGBM Tuned (LGBM-02),sigmoid,8,2249,0.06722087675996737,0.06714095153401511,7.992522595225149e-05
LightGBM Tuned (LGBM-02),sigmoid,9,2248,0.11919519111296323,0.12722419928825623,0.008029008175293006
LightGBM Tuned (LGBM-02),sigmoid,10,2249,0.3712393561114856,0.352156514006225,0.019082842105260622
LightGBM Tuned (LGBM-02),isotonic,1,2249,0.0031781485220757737,0.0031124944419742106,6.565408010156303e-05
LightGBM Tuned (LGBM-02),isotonic,2,2611,0.0064490519815950595,0.006127920337035618,0.0003211316445594411
LightGBM Tuned (LGBM-02),isotonic,3,1886,0.009523737997611638,0.01007423117709438,0.000550493179482742
LightGBM Tuned (LGBM-02),isotonic,4,2255,0.012563658800813279,0.011086474501108648,0.0014771842997046303
LightGBM Tuned (LGBM-02),isotonic,5,2245,0.01781965862013605,0.01915367483296214,0.0013340162128260905
LightGBM Tuned (LGBM-02),isotonic,6,2246,0.028532016072995256,0.024487978628673197,0.004044037444322059
LightGBM Tuned (LGBM-02),isotonic,7,2264,0.04278296106390461,0.03842756183745583,0.004355399226448779
LightGBM Tuned (LGBM-02),isotonic,8,2245,0.06913354472565407,0.06547884187082405,0.003654702854830022
LightGBM Tuned (LGBM-02),isotonic,9,2237,0.12309615628719563,0.12606168976307555,0.002965533475879925
LightGBM Tuned (LGBM-02),isotonic,10,2248,0.37240030703353444,0.3545373665480427,0.01786294048549175
