model,calibration_method,brier_score,log_loss,ece,mean_predicted_probability,prevalence,mean_probability_gap,roc_auc,average_precision
Logistic Balanced,uncalibrated,0.15876874183977072,0.5330396945972671,0.3089522600318941,0.3746820474551797,0.0657297874232856,0.3089522600318941,0.8180493873330812,0.3434052208526683
XGBoost Baseline,uncalibrated,0.049105202543405925,0.1776873385307406,0.005417383903013608,0.06821802941093476,0.0657297874232856,0.002488241987649159,0.863666393084869,0.38128449036768636
LightGBM Tuned (LGBM-02),uncalibrated,0.04903374303436725,0.17727209469459268,0.0046943432923444075,0.0682825435493563,0.0657297874232856,0.002552756126070699,0.8641390366657151,0.38168512498191703
Logistic Balanced,sigmoid,0.05234312408051106,0.1990518093968494,0.013474241295313981,0.06912395373005188,0.0657297874232856,0.003394166306766283,0.8180748947240408,0.34347386386160916
Logistic Balanced,isotonic,0.051089872340982126,0.19215258061154541,0.005113957745512483,0.06926093942570333,0.0657297874232856,0.0035311520024177284,0.8182697589525789,0.3406625217108211
XGBoost Baseline,sigmoid,0.05079458869031555,0.18939571452089607,0.020426942449645196,0.06792065463764174,0.0657297874232856,0.002190867214356143,0.863478243870239,0.3815140894651936
XGBoost Baseline,isotonic,0.04906978788118697,0.1775584830056977,0.003952232944011536,0.06828564270361764,0.0657297874232856,0.002555855280332045,0.8635963604817857,0.381521804264093
LightGBM Tuned (LGBM-02),sigmoid,0.048955436854478486,0.17714237629741844,0.004419577085872548,0.06841212417550963,0.0657297874232856,0.0026823367522240266,0.8642696332191769,0.38240087365423436
LightGBM Tuned (LGBM-02),isotonic,0.048917155984307896,0.17702275472089213,0.0036595395506037404,0.06844055930335279,0.0657297874232856,0.0027107718800671865,0.864285897401544,0.3834582432155661
