feature,shap_rank,mean_absolute_shap,xgboost_native_importance,native_rank
RevolvingUtilizationOfUnsecuredLines,1,0.7809633840289427,0.2774041891098022,2
NumberOfTime30-59DaysPastDueNotWorse,2,0.3457020371801105,0.1330748051404953,4
NumberOfTimes90DaysLate,3,0.28167521748017516,0.2897501289844513,1
age,4,0.2161713133119843,0.018086789175868,7
NumberOfTime60-89DaysPastDueNotWorse,5,0.16924128326851046,0.1390519440174102,3
NumberOfOpenCreditLinesAndLoans,6,0.15729158608223703,0.013717227615416,8
DebtRatio,7,0.10239784862962395,0.0117427306249737,10
MonthlyIncome,8,0.09098900110502621,0.0124456631019711,9
NumberRealEstateLoansOrLines,9,0.0829450738654822,0.0236367601901292,6
NumberOfDependents,10,0.027791517793380995,0.008004923351109,11
has_special_delinquency_value,11,0.014992470332200771,0.0630986019968986,5
MonthlyIncome_missing,12,0.002096155385355391,0.005828358232975,12
NumberOfDependents_missing,13,0.0013762113305823948,0.0041579748503863,13
