case_id,feature,raw_value,transformed_value,shap_value,absolute_shap,direction,rank_within_case
VAL_CASE_01_LOW,RevolvingUtilizationOfUnsecuredLines,0.015079147,0.015079147,-1.1114394664764404,1.1114394664764404,Lower model output,1
VAL_CASE_01_LOW,age,78.0,78.0,-0.455172598361969,0.455172598361969,Lower model output,2
VAL_CASE_01_LOW,NumberOfTime30-59DaysPastDueNotWorse,0.0,0.0,-0.3124110996723175,0.3124110996723175,Lower model output,3
VAL_CASE_01_LOW,NumberOfTimes90DaysLate,0.0,0.0,-0.20753821730613708,0.20753821730613708,Lower model output,4
VAL_CASE_01_LOW,NumberOfOpenCreditLinesAndLoans,8.0,8.0,-0.16022004187107086,0.16022004187107086,Lower model output,5
VAL_CASE_01_LOW,NumberOfTime60-89DaysPastDueNotWorse,0.0,0.0,-0.13275805115699768,0.13275805115699768,Lower model output,6
VAL_CASE_01_LOW,DebtRatio,0.253220697,0.253220697,-0.07180596143007278,0.07180596143007278,Lower model output,7
VAL_CASE_01_LOW,NumberOfDependents,0.0,0.0,-0.04273964837193489,0.04273964837193489,Lower model output,8
VAL_CASE_01_LOW,MonthlyIncome,4734.0,4734.0,0.03316642716526985,0.03316642716526985,Higher model output,9
VAL_CASE_01_LOW,NumberRealEstateLoansOrLines,0.0,0.0,0.013742843642830849,0.013742843642830849,Higher model output,10
VAL_CASE_01_LOW,has_special_delinquency_value,,0.0,-0.010663093067705631,0.010663093067705631,Lower model output,11
VAL_CASE_01_LOW,MonthlyIncome_missing,,0.0,0.002047283574938774,0.002047283574938774,Higher model output,12
VAL_CASE_01_LOW,NumberOfDependents_missing,,0.0,0.00045735648018307984,0.00045735648018307984,Higher model output,13
VAL_CASE_02_MEDIAN,RevolvingUtilizationOfUnsecuredLines,0.299836768,0.299836768,-0.4240463078022003,0.4240463078022003,Lower model output,1
VAL_CASE_02_MEDIAN,NumberOfTime30-59DaysPastDueNotWorse,0.0,0.0,-0.24441693723201752,0.24441693723201752,Lower model output,2
VAL_CASE_02_MEDIAN,NumberOfTimes90DaysLate,0.0,0.0,-0.1878073662519455,0.1878073662519455,Lower model output,3
VAL_CASE_02_MEDIAN,MonthlyIncome,7200.0,7200.0,-0.14884909987449646,0.14884909987449646,Lower model output,4
VAL_CASE_02_MEDIAN,DebtRatio,0.159422302,0.159422302,-0.10972094535827637,0.10972094535827637,Lower model output,5
VAL_CASE_02_MEDIAN,NumberOfTime60-89DaysPastDueNotWorse,0.0,0.0,-0.10898236185312271,0.10898236185312271,Lower model output,6
VAL_CASE_02_MEDIAN,NumberOfOpenCreditLinesAndLoans,13.0,13.0,0.10521075874567032,0.10521075874567032,Higher model output,7
VAL_CASE_02_MEDIAN,NumberRealEstateLoansOrLines,0.0,0.0,0.03568122163414955,0.03568122163414955,Higher model output,8
VAL_CASE_02_MEDIAN,NumberOfDependents,0.0,0.0,-0.03177998587489128,0.03177998587489128,Lower model output,9
VAL_CASE_02_MEDIAN,age,47.0,47.0,0.02589254640042782,0.02589254640042782,Higher model output,10
VAL_CASE_02_MEDIAN,has_special_delinquency_value,,0.0,-0.009136072359979153,0.009136072359979153,Lower model output,11
VAL_CASE_02_MEDIAN,NumberOfDependents_missing,,0.0,0.00045735648018307984,0.00045735648018307984,Higher model output,12
VAL_CASE_02_MEDIAN,MonthlyIncome_missing,,0.0,0.00033988396171480417,0.00033988396171480417,Higher model output,13
VAL_CASE_03_HIGH,NumberOfTime60-89DaysPastDueNotWorse,1.0,1.0,1.0065194368362427,1.0065194368362427,Higher model output,1
VAL_CASE_03_HIGH,RevolvingUtilizationOfUnsecuredLines,0.9999999,0.9999999,0.9108567833900452,0.9108567833900452,Higher model output,2
VAL_CASE_03_HIGH,age,26.0,26.0,0.4004721939563751,0.4004721939563751,Higher model output,3
VAL_CASE_03_HIGH,NumberOfTime30-59DaysPastDueNotWorse,0.0,0.0,-0.22644078731536865,0.22644078731536865,Lower model output,4
VAL_CASE_03_HIGH,DebtRatio,251.0,251.0,0.21027058362960815,0.21027058362960815,Higher model output,5
VAL_CASE_03_HIGH,NumberOfTimes90DaysLate,0.0,0.0,-0.18652133643627167,0.18652133643627167,Lower model output,6
VAL_CASE_03_HIGH,NumberOfOpenCreditLinesAndLoans,1.0,1.0,-0.11595101654529572,0.11595101654529572,Lower model output,7
VAL_CASE_03_HIGH,NumberOfDependents,0.0,0.0,-0.02991805411875248,0.02991805411875248,Lower model output,8
VAL_CASE_03_HIGH,MonthlyIncome,,5400.0,0.029433902353048325,0.029433902353048325,Higher model output,9
VAL_CASE_03_HIGH,has_special_delinquency_value,,0.0,-0.021942630410194397,0.021942630410194397,Lower model output,10
VAL_CASE_03_HIGH,NumberRealEstateLoansOrLines,0.0,0.0,-0.012216153554618359,0.012216153554618359,Lower model output,11
VAL_CASE_03_HIGH,MonthlyIncome_missing,,1.0,-0.001771217561326921,0.001771217561326921,Lower model output,12
VAL_CASE_03_HIGH,NumberOfDependents_missing,,0.0,0.00015517808787990361,0.00015517808787990361,Higher model output,13
VAL_CASE_04_BELOW_019,RevolvingUtilizationOfUnsecuredLines,1.082084226,1.082084226,1.5326379537582397,1.5326379537582397,Higher model output,1
VAL_CASE_04_BELOW_019,age,24.0,24.0,0.43541672825813293,0.43541672825813293,Higher model output,2
VAL_CASE_04_BELOW_019,NumberOfTime30-59DaysPastDueNotWorse,0.0,0.0,-0.29932957887649536,0.29932957887649536,Lower model output,3
VAL_CASE_04_BELOW_019,NumberOfOpenCreditLinesAndLoans,5.0,5.0,-0.278766930103302,0.278766930103302,Lower model output,4
VAL_CASE_04_BELOW_019,NumberOfTimes90DaysLate,0.0,0.0,-0.18588249385356903,0.18588249385356903,Lower model output,5
VAL_CASE_04_BELOW_019,DebtRatio,452.0,452.0,0.17740273475646973,0.17740273475646973,Higher model output,6
VAL_CASE_04_BELOW_019,NumberOfTime60-89DaysPastDueNotWorse,0.0,0.0,-0.14134477078914642,0.14134477078914642,Lower model output,7
VAL_CASE_04_BELOW_019,NumberOfDependents,0.0,0.0,-0.029846860095858574,0.029846860095858574,Lower model output,8
VAL_CASE_04_BELOW_019,has_special_delinquency_value,,0.0,-0.01873880997300148,0.01873880997300148,Lower model output,9
VAL_CASE_04_BELOW_019,MonthlyIncome,,5400.0,0.014072231017053127,0.014072231017053127,Higher model output,10
VAL_CASE_04_BELOW_019,MonthlyIncome_missing,,1.0,-0.001771217561326921,0.001771217561326921,Lower model output,11
VAL_CASE_04_BELOW_019,NumberRealEstateLoansOrLines,0.0,0.0,-0.0004097268683835864,0.0004097268683835864,Lower model output,12
VAL_CASE_04_BELOW_019,NumberOfDependents_missing,,0.0,0.00015517808787990361,0.00015517808787990361,Higher model output,13
VAL_CASE_05_ABOVE_019,NumberRealEstateLoansOrLines,5.0,5.0,0.8626396059989929,0.8626396059989929,Higher model output,1
VAL_CASE_05_ABOVE_019,DebtRatio,1.012634454,1.012634454,0.43044525384902954,0.43044525384902954,Higher model output,2
VAL_CASE_05_ABOVE_019,NumberOfOpenCreditLinesAndLoans,21.0,21.0,0.40385523438453674,0.40385523438453674,Higher model output,3
VAL_CASE_05_ABOVE_019,NumberOfTime30-59DaysPastDueNotWorse,0.0,0.0,-0.24608315527439117,0.24608315527439117,Lower model output,4
VAL_CASE_05_ABOVE_019,NumberOfTimes90DaysLate,0.0,0.0,-0.18425002694129944,0.18425002694129944,Lower model output,5
VAL_CASE_05_ABOVE_019,NumberOfTime60-89DaysPastDueNotWorse,0.0,0.0,-0.11394701153039932,0.11394701153039932,Lower model output,6
VAL_CASE_05_ABOVE_019,RevolvingUtilizationOfUnsecuredLines,0.417561248,0.417561248,0.08780161291360855,0.08780161291360855,Higher model output,7
VAL_CASE_05_ABOVE_019,MonthlyIncome,5856.0,5856.0,-0.040656741708517075,0.040656741708517075,Lower model output,8
VAL_CASE_05_ABOVE_019,age,49.0,49.0,0.03002181090414524,0.03002181090414524,Higher model output,9
VAL_CASE_05_ABOVE_019,NumberOfDependents,0.0,0.0,-0.0158376581966877,0.0158376581966877,Lower model output,10
VAL_CASE_05_ABOVE_019,has_special_delinquency_value,,0.0,-0.009652620181441307,0.009652620181441307,Lower model output,11
VAL_CASE_05_ABOVE_019,MonthlyIncome_missing,,0.0,0.000454587338026613,0.000454587338026613,Higher model output,12
VAL_CASE_05_ABOVE_019,NumberOfDependents_missing,,0.0,-6.833127554273233e-05,6.833127554273233e-05,Lower model output,13
VAL_CASE_06_NEAR_050,RevolvingUtilizationOfUnsecuredLines,1.030344987,1.030344987,1.476320505142212,1.476320505142212,Higher model output,1
VAL_CASE_06_NEAR_050,NumberOfTime60-89DaysPastDueNotWorse,1.0,1.0,0.8437669277191162,0.8437669277191162,Higher model output,2
VAL_CASE_06_NEAR_050,NumberOfTime30-59DaysPastDueNotWorse,2.0,2.0,0.7507794499397278,0.7507794499397278,Higher model output,3
VAL_CASE_06_NEAR_050,NumberOfTimes90DaysLate,0.0,0.0,-0.12365987151861191,0.12365987151861191,Lower model output,4
VAL_CASE_06_NEAR_050,MonthlyIncome,7220.0,7220.0,-0.10575669258832932,0.10575669258832932,Lower model output,5
VAL_CASE_06_NEAR_050,DebtRatio,0.397313391,0.397313391,-0.08995841443538666,0.08995841443538666,Lower model output,6
VAL_CASE_06_NEAR_050,NumberOfOpenCreditLinesAndLoans,8.0,8.0,-0.08923232555389404,0.08923232555389404,Lower model output,7
VAL_CASE_06_NEAR_050,age,43.0,43.0,0.08012078702449799,0.08012078702449799,Higher model output,8
VAL_CASE_06_NEAR_050,NumberRealEstateLoansOrLines,1.0,1.0,-0.07838679105043411,0.07838679105043411,Lower model output,9
VAL_CASE_06_NEAR_050,has_special_delinquency_value,,0.0,-0.015401528216898441,0.015401528216898441,Lower model output,10
VAL_CASE_06_NEAR_050,NumberOfDependents,2.0,2.0,0.006442394573241472,0.006442394573241472,Higher model output,11
VAL_CASE_06_NEAR_050,NumberOfDependents_missing,,0.0,0.00030405036523006856,0.00030405036523006856,Higher model output,12
VAL_CASE_06_NEAR_050,MonthlyIncome_missing,,0.0,2.8838374419137836e-05,2.8838374419137836e-05,Higher model output,13
