rank,feature,mean_absolute_shap,relative_importance
1,RevolvingUtilizationOfUnsecuredLines,0.7809633840289427,0.34348698745625855
2,NumberOfTime30-59DaysPastDueNotWorse,0.3457020371801105,0.1520482953962499
3,NumberOfTimes90DaysLate,0.28167521748017516,0.12388771851788402
4,age,0.2161713133119843,0.09507748340381178
5,NumberOfTime60-89DaysPastDueNotWorse,0.16924128326851046,0.07443649693693905
6,NumberOfOpenCreditLinesAndLoans,0.15729158608223703,0.06918072493601324
7,DebtRatio,0.10239784862962395,0.04503710323311138
8,MonthlyIncome,0.09098900110502621,0.04001921027332232
9,NumberRealEstateLoansOrLines,0.0829450738654822,0.03648129237431118
10,NumberOfDependents,0.027791517793380995,0.012223396024584509
11,has_special_delinquency_value,0.014992470332200771,0.006594058792318648
12,MonthlyIncome_missing,0.002096155385355391,0.000921940917180379
13,NumberOfDependents_missing,0.0013762113305823948,0.0006052917380149505
