model,scenario,status,reason,threshold,precision,recall,f1,specificity,false_positive_rate,false_negative_rate,predicted_positive_rate,tp,fp,tn,fn,balanced_accuracy
Logistic Balanced,DEFAULT,available,,0.5,0.24952224952224952,0.618403247631935,0.3555728457498541,0.8691450875856817,0.13085491241431835,0.38159675236806495,0.16290136084674908,914,2749,18259,564,0.7437741676088083
Logistic Balanced,MAX_F1,available,,0.76,0.39299363057324843,0.4174560216508796,0.4048556430446194,0.9546363290175172,0.04536367098248286,0.5825439783491204,0.06982122209374722,617,953,20055,861,0.6860461753341984
Logistic Balanced,RECALL_AT_LEAST_50,available,,0.64,0.3237847222222222,0.5047361299052774,0.3945002644103649,0.9258377760853008,0.07416222391469916,0.4952638700947226,0.10246375522547363,746,1558,19450,732,0.7152869529952891
Logistic Balanced,RECALL_AT_LEAST_70,available,,0.44,0.18820984315846404,0.706359945872801,0.2972241992882562,0.7856530845392231,0.21434691546077686,0.2936400541271989,0.24668682735924574,1044,4503,16505,434,0.746006515206012
Logistic Balanced,PRECISION_AT_LEAST_30,available,,0.61,0.30392537893509525,0.5290933694181326,0.38607751172549987,0.9147467631378522,0.08525323686214775,0.4709066305818674,0.11442675442497555,782,1791,19217,696,0.7219200662779923
XGBoost Baseline,DEFAULT,available,,0.5,0.5688259109311741,0.19012178619756429,0.28498985801217036,0.9898610053313024,0.010138994668697639,0.8098782138024357,0.02196922529573957,281,213,20795,1197,0.5899913957644334
XGBoost Baseline,MAX_F1,available,,0.2,0.3834823776959495,0.493234100135318,0.43148860609647827,0.9442117288651942,0.055788271134805785,0.506765899864682,0.0845414924842124,729,1172,19836,749,0.718722914500256
XGBoost Baseline,RECALL_AT_LEAST_50,available,,0.19,0.37230306071249375,0.5020297699594046,0.42754249495822527,0.940451256664128,0.05954874333587205,0.4979702300405954,0.08863292715467402,742,1251,19757,736,0.7212405133117663
XGBoost Baseline,RECALL_AT_LEAST_70,available,,0.09,0.24941176470588236,0.7171853856562923,0.37011173184357543,0.8481530845392231,0.15184691546077686,0.2828146143437077,0.18900649292893357,1060,3190,17818,418,0.7826692350977578
XGBoost Baseline,PRECISION_AT_LEAST_30,available,,0.13,0.3119553851516208,0.6055480378890392,0.4117782378651944,0.906035795887281,0.09396420411271897,0.3944519621109608,0.12759050075602596,895,1974,19034,583,0.7557919168881602
LightGBM Tuned (LGBM-02),DEFAULT,available,,0.5,0.5705394190871369,0.18606224627875506,0.28061224489795916,0.9901466108149276,0.009853389185072354,0.8139377537212449,0.021435559903940228,275,207,20801,1203,0.5881044285468413
LightGBM Tuned (LGBM-02),MAX_F1,available,,0.21,0.3810264385692068,0.4972936400541272,0.43146463164073967,0.9431645087585682,0.056835491241431835,0.5027063599458728,0.0857867117317442,735,1194,19814,743,0.7202290744063476
LightGBM Tuned (LGBM-02),RECALL_AT_LEAST_50,available,,0.2,0.3708477937530987,0.5060893098782138,0.4280400572246066,0.9395944402132521,0.06040555978674791,0.4939106901217862,0.0897002579382727,748,1269,19739,730,0.7228418750457329
LightGBM Tuned (LGBM-02),RECALL_AT_LEAST_70,available,,0.09,0.24888050907376855,0.7144790257104194,0.36916622968012586,0.8482958872810358,0.1517041127189642,0.2855209742895805,0.1886951881170506,1056,3187,17821,422,0.7813874564957276
LightGBM Tuned (LGBM-02),PRECISION_AT_LEAST_30,available,,0.13,0.3051643192488263,0.6156968876860622,0.4080717488789238,0.9013709063214014,0.09862909367859862,0.38430311231393777,0.13261584986213645,910,2072,18936,568,0.7585338970037319
