model,threshold,precision,recall,f1,specificity,false_positive_rate,false_negative_rate,predicted_positive_rate,tp,fp,tn,fn,balanced_accuracy
Logistic Balanced,0.05,0.06571453995372842,0.9993234100135318,0.12331969608416131,0.0004284082254379284,0.9995715917745621,0.0006765899864682003,0.9995552788401673,1477,20999,9,1,0.4998759091194848
Logistic Balanced,0.06,0.06572038800391564,0.9993234100135318,0.12332999331997328,0.0005236100533130236,0.999476389946687,0.0006765899864682003,0.9994663346082007,1477,20997,11,1,0.4999235100334224
Logistic Balanced,0.07,0.06572331241934766,0.9993234100135318,0.12333514258277316,0.0005712109672505713,0.9994287890327495,0.0006765899864682003,0.9994218624922174,1477,20996,12,1,0.49994731049039115
Logistic Balanced,0.08,0.06573793840128182,0.9993234100135318,0.12336089534786603,0.0008092155369383092,0.9991907844630616,0.0006765899864682003,0.999199501912301,1477,20991,17,1,0.5000663127752351
Logistic Balanced,0.09,0.06579650748396294,0.9993234100135318,0.12346401404330018,0.0017612338156892612,0.9982387661843107,0.0006765899864682003,0.9983100595926354,1477,20971,37,1,0.5005423219146105
Logistic Balanced,0.1,0.06587521199678657,0.9986468200270636,0.12359738737229944,0.0037128712871287127,0.9962871287128713,0.0013531799729364006,0.9964422307213378,1476,20930,78,2,0.5011798456570962
Logistic Balanced,0.11,0.06605718383077888,0.9972936400541272,0.12390719569603229,0.007996953541507998,0.992003046458492,0.0027063599458728013,0.9923507960508761,1474,20840,168,4,0.5026452967978177
Logistic Balanced,0.12,0.06637208044007575,0.9959404600811907,0.12445045654379439,0.014375476009139375,0.9856245239908606,0.0040595399188092015,0.9863025882771502,1472,20706,302,6,0.5051579680451651
Logistic Balanced,0.13,0.06688491792843178,0.9952638700947226,0.12534617187167144,0.023134044173648134,0.9768659558263518,0.004736129905277402,0.9780752468202437,1471,20522,486,7,0.5091989571341854
Logistic Balanced,0.14,0.06762973868237027,0.9945872801082544,0.12664771258723184,0.03531987814166032,0.9646801218583397,0.005412719891745603,0.9666459130125411,1470,20266,742,8,0.5149535791249573
Logistic Balanced,0.15,0.06828132277596646,0.9918809201623816,0.12776712567544013,0.04779131759329779,0.9522086824067022,0.008119079837618403,0.9548163301609891,1466,20004,1004,12,0.5198361188778396
Logistic Balanced,0.16,0.06927083333333334,0.989851150202977,0.12948048499867246,0.06430883472962681,0.9356911652703732,0.010148849797023005,0.9392510895668416,1463,19657,1351,15,0.5270799924663019
Logistic Balanced,0.17,0.07033094079676284,0.9878213802435724,0.1313126770697486,0.08134996191926885,0.9186500380807312,0.012178619756427604,0.923196655696878,1460,19299,1709,18,0.5345856710814206
Logistic Balanced,0.18,0.07173058013765979,0.9871447902571042,0.13374278118984326,0.10124714394516375,0.8987528560548362,0.012855209742895805,0.9045628390998843,1459,18881,2127,19,0.5441959671011339
Logistic Balanced,0.19,0.07330817610062892,0.9857916102841678,0.1364679436144804,0.12328636709824829,0.8767136329017517,0.014208389715832206,0.8838833051676599,1457,18418,2590,21,0.5545389886912081
Logistic Balanced,0.2,0.07525490399047668,0.9837618403247632,0.13981441415452667,0.14951447067783702,0.850485529322163,0.016238159675236806,0.8592457529129236,1454,17867,3141,24,0.5666381555013001
Logistic Balanced,0.21,0.07733361797512943,0.9803788903924222,0.14335889191194656,0.17707539984767706,0.8229246001523229,0.01962110960757781,0.833274037178689,1449,17288,3720,29,0.5787271451200496
Logistic Balanced,0.22,0.07952099773743171,0.9749661705006766,0.1470483187917751,0.206016755521706,0.7939832444782939,0.02503382949932341,0.8058792137329894,1441,16680,4328,37,0.5904914630111913
Logistic Balanced,0.23,0.0817047461683095,0.9702300405953992,0.15071732618634714,0.23281607006854532,0.7671839299314547,0.029769959404600813,0.7805301076225207,1434,16117,4891,44,0.6015230553319723
Logistic Balanced,0.24,0.08401967174260828,0.959404600811908,0.1545083083628439,0.26413747143945165,0.7358625285605483,0.04059539918809202,0.750555901449791,1418,15459,5549,60,0.6117710361256798
Logistic Balanced,0.25,0.08676642650409508,0.9533152909336942,0.15905627363549132,0.2940784463061691,0.7059215536938309,0.04668470906630582,0.7221826914524593,1409,14830,6178,69,0.6236968686199316
Logistic Balanced,0.26,0.08947368421052632,0.9431664411366711,0.16344237308007972,0.3247334348819497,0.6752665651180503,0.056833558863328824,0.6928755670194788,1394,14186,6822,84,0.6339499380093104
Logistic Balanced,0.27,0.0923993041616486,0.9343707713125846,0.1681685338528982,0.3542936024371668,0.6457063975628332,0.06562922868741543,0.6646802454860802,1381,13565,7443,97,0.6443321868748757
Logistic Balanced,0.28,0.09542091302526874,0.9248985115020297,0.17299417868893951,0.38313975628332064,0.6168602437166794,0.07510148849797023,0.6371075335764476,1367,12959,8049,111,0.6540191338926752
Logistic Balanced,0.29,0.09798207911415459,0.9100135317997293,0.1769154883262085,0.4106054836252856,0.5893945163747144,0.08998646820027063,0.6104687361024638,1345,12382,8626,133,0.6603095077125074
Logistic Balanced,0.3,0.10140952380952381,0.9005412719891746,0.18229131000479354,0.4385948210205636,0.5614051789794364,0.09945872801082543,0.5836965222805302,1331,11794,9214,147,0.669568046504869
Logistic Balanced,0.31,0.10469285315911082,0.8890392422192152,0.18732625276213558,0.4651085300837776,0.5348914699162224,0.11096075778078485,0.5581695277061283,1314,11237,9771,164,0.6770738861514964
Logistic Balanced,0.32,0.10847003682624708,0.8768606224627875,0.19305824519588857,0.49295506473724293,0.5070449352627571,0.12313937753721245,0.5313528417682113,1296,10652,10356,182,0.6849078436000152
Logistic Balanced,0.33,0.1119711496173806,0.861299052774019,0.19817856308865883,0.5194211728865195,0.4805788271134806,0.13870094722598106,0.5056034866138931,1273,10096,10912,205,0.6903601128302692
Logistic Balanced,0.34,0.11681070532478394,0.8504736129905277,0.20540893863877768,0.5476009139375476,0.4523990860624524,0.14952638700947227,0.47856444009605975,1257,9504,11504,221,0.6990372634640376
Logistic Balanced,0.35,0.1211794670846395,0.8369418132611637,0.21170631524901593,0.5729722010662605,0.42702779893373954,0.16305818673883626,0.45397135995730675,1237,8971,12037,241,0.7049570071637121
Logistic Balanced,0.36,0.12582918739635157,0.8213802435723951,0.21822757504943377,0.5985338918507236,0.40146610814927647,0.17861975642760486,0.4290669750066708,1214,8434,12574,264,0.7099570677115594
Logistic Balanced,0.37,0.1312232113419057,0.8078484438430311,0.22577290346979295,0.6237147753236862,0.3762852246763138,0.19215155615696888,0.4046517833318509,1194,7905,13103,284,0.7157816095833587
Logistic Balanced,0.38,0.13738056397110232,0.7976995940460081,0.23439363817097417,0.6476104341203351,0.3523895658796649,0.20230040595399187,0.381659699368496,1179,7403,13605,299,0.7226550140831716
Logistic Balanced,0.39,0.1449726231956197,0.7882273342354533,0.2449022493167963,0.6729341203351105,0.3270658796648896,0.21177266576454667,0.3573779240416259,1165,6871,14137,313,0.7305807272852819
Logistic Balanced,0.4,0.15157140962737037,0.7733423545331529,0.2534649074176738,0.6954493526275705,0.30455064737242954,0.22665764546684708,0.33536422662990306,1143,6398,14610,335,0.7343958535803616
Logistic Balanced,0.41,0.1592566118656183,0.7537212449255751,0.26295290924111886,0.7200590251332826,0.27994097486671743,0.2462787550744249,0.311082451303033,1114,5881,15127,364,0.7368901350294288
Logistic Balanced,0.42,0.16751269035532995,0.7368064952638701,0.2729665371600451,0.7423838537699924,0.2576161462300076,0.2631935047361299,0.28911322600729344,1089,5412,15596,389,0.7395951745169312
Logistic Balanced,0.43,0.17807308970099667,0.7253044654939107,0.2859429181114964,0.7644706778370145,0.23552932216298553,0.2746955345060893,0.2677221382193365,1072,4948,16060,406,0.7448875716654626
Logistic Balanced,0.44,0.18820984315846404,0.706359945872801,0.2972241992882562,0.7856530845392231,0.21434691546077686,0.2936400541271989,0.24668682735924574,1044,4503,16505,434,0.746006515206012
Logistic Balanced,0.45,0.19937815779246015,0.6941813261163735,0.30978260869565216,0.8038842345773038,0.19611576542269613,0.30581867388362655,0.2288535088499511,1026,4120,16888,452,0.7490327803468386
Logistic Balanced,0.46,0.21078020134228187,0.6799729364005412,0.3218059558117195,0.8208777608530083,0.17912223914699163,0.3200270635994587,0.2120430490082718,1005,3763,17245,473,0.7504253486267748
Logistic Balanced,0.47,0.22139639639639638,0.6650879566982408,0.33220682663061846,0.835443640517898,0.16455635948210207,0.3349120433017591,0.19745619496575648,983,3457,17551,495,0.7502657986080694
Logistic Balanced,0.48,0.23278767453057295,0.6542625169147497,0.34339488636363635,0.8482958872810358,0.1517041127189642,0.3457374830852503,0.18473716979453883,967,3187,17821,511,0.7512792020978927
Logistic Balanced,0.49,0.24073120494335737,0.6326116373477673,0.34875046624393885,0.8596249047981721,0.14037509520182787,0.36738836265223274,0.17272969847905364,935,2949,18059,543,0.7461182710729697
Logistic Balanced,0.5,0.24952224952224952,0.618403247631935,0.3555728457498541,0.8691450875856817,0.13085491241431835,0.38159675236806495,0.16290136084674908,914,2749,18259,564,0.7437741676088083
Logistic Balanced,0.51,0.2567104511707596,0.6082543978349121,0.3610441767068273,0.8760948210205636,0.12390517897943641,0.39174560216508797,0.15574135017344126,899,2603,18405,579,0.7421746094277378
Logistic Balanced,0.52,0.2605116142311085,0.5994587280108254,0.3631891781102685,0.8802837014470678,0.11971629855293221,0.40054127198917455,0.15124966645913013,886,2515,18493,592,0.7398712147289466
Logistic Balanced,0.53,0.2652689152233364,0.5906630581867388,0.36611448941077795,0.8849009900990099,0.1150990099009901,0.4093369418132612,0.1463577337009695,873,2418,18590,605,0.7377820241428743
Logistic Balanced,0.54,0.27007528230865746,0.5825439783491204,0.3690527218174025,0.8892326732673267,0.11076732673267327,0.4174560216508796,0.1417771057546918,861,2327,18681,617,0.7358883258082236
Logistic Balanced,0.55,0.27562862669245647,0.5784844384303113,0.37336244541484714,0.8930407463823306,0.10695925361766946,0.4215155615696888,0.13795250378012985,855,2247,18761,623,0.7357625924063209
Logistic Balanced,0.56,0.27997343075390235,0.5703653585926928,0.3755847627533972,0.8968012185833968,0.1031987814166032,0.42963464140730717,0.13390554122565151,843,2168,18840,635,0.7335832885880448
Logistic Balanced,0.57,0.28306423909309514,0.557510148849797,0.37548416495784914,0.9006568926123382,0.09934310738766185,0.44248985115020295,0.12945832962732368,824,2087,18921,654,0.7290835207310675
Logistic Balanced,0.58,0.28921220723917673,0.5514208389715832,0.37942271880819367,0.9046553693830921,0.09534463061690784,0.4485791610284168,0.12532242284087877,815,2003,19005,663,0.7280381041773376
Logistic Balanced,0.59,0.29312865497076024,0.5426251691474966,0.3806359753203607,0.9079398324447829,0.09206016755521707,0.45737483085250336,0.12167570933024993,802,1934,19074,676,0.7252825007961398
Logistic Balanced,0.6,0.2983779705771407,0.5351826792963464,0.38314361830951804,0.9114623000761615,0.08853769992383853,0.4648173207036536,0.11789557947167126,791,1860,19148,687,0.723322489686254
Logistic Balanced,0.61,0.30392537893509525,0.5290933694181326,0.38607751172549987,0.9147467631378522,0.08525323686214775,0.4709066305818674,0.11442675442497555,782,1791,19217,696,0.7219200662779923
Logistic Balanced,0.62,0.31194151096669376,0.5196211096075778,0.3898477157360406,0.9193640517897944,0.08063594821020563,0.4803788903924222,0.10949034955083163,768,1694,19314,710,0.719492580698686
Logistic Balanced,0.63,0.3190054782975137,0.5121786197564276,0.3931446377564269,0.9230769230769231,0.07692307692307693,0.4878213802435724,0.10553233122831984,757,1616,19392,721,0.7176277714166754
Logistic Balanced,0.64,0.3237847222222222,0.5047361299052774,0.3945002644103649,0.9258377760853008,0.07416222391469916,0.4952638700947226,0.10246375522547363,746,1558,19450,732,0.7152869529952891
Logistic Balanced,0.65,0.32825112107623317,0.4952638700947226,0.3948220064724919,0.9286938309215537,0.07130616907844631,0.5047361299052774,0.09917281864271102,732,1498,19510,746,0.7119788505081381
Logistic Balanced,0.66,0.3353376503237743,0.49052774018944517,0.3983516483516483,0.9315974866717441,0.0684025133282559,0.5094722598105548,0.09614871475584809,725,1437,19571,753,0.7110626134305946
Logistic Balanced,0.67,0.34004796163069545,0.479702300405954,0.3979792309851249,0.9345011424219345,0.0654988575780655,0.520297699594046,0.09272436182513565,709,1376,19632,769,0.7071017214139442
Logistic Balanced,0.68,0.34549038935436177,0.4742895805142084,0.3997718848018249,0.9367859862909368,0.06321401370906321,0.5257104194857916,0.09023392333007205,701,1328,19680,777,0.7055377834025726
Logistic Balanced,0.69,0.34946510443199186,0.46414073071718537,0.3987213019471084,0.9392136329017517,0.060786367098248285,0.5358592692828146,0.08729876367517567,686,1277,19731,792,0.7016771818094686
Logistic Balanced,0.7,0.3563521349499209,0.45737483085250336,0.4005925925925926,0.9418792840822544,0.05812071591774562,0.5426251691474966,0.08436360402027929,676,1221,19787,802,0.6996270574673789
Logistic Balanced,0.71,0.3623580313683072,0.45331529093369416,0.40276525398256685,0.9438785224676314,0.056121477532368624,0.5466847090663058,0.08222894245308192,670,1179,19829,808,0.6985969067006628
Logistic Balanced,0.72,0.36703910614525137,0.4445196211096076,0.40208078335373315,0.9460681645087585,0.053931835491241434,0.5554803788903924,0.07960508761006849,657,1133,19875,821,0.6952938928091831
Logistic Balanced,0.73,0.37002881844380403,0.43437077131258456,0.3996265172735761,0.9479722010662605,0.05202779893373953,0.5656292286874154,0.07715912123098817,642,1093,19915,836,0.6911714861894225
Logistic Balanced,0.74,0.37730243612596553,0.42963464140730717,0.4017715912685859,0.9501142421934501,0.049885757806549885,0.5703653585926928,0.07484657119985769,635,1048,19960,843,0.6898744418003786
Logistic Balanced,0.75,0.38532675709001235,0.42286874154262516,0.4032258064516129,0.952541888804265,0.04745811119573496,0.5771312584573748,0.0721337721248777,625,997,20011,853,0.6877053151734451
Logistic Balanced,0.76,0.39299363057324843,0.4174560216508796,0.4048556430446194,0.9546363290175172,0.04536367098248286,0.5825439783491204,0.06982122209374722,617,953,20055,861,0.6860461753341984
Logistic Balanced,0.77,0.3976455199476782,0.41136671177266576,0.4043897572331227,0.9561595582635186,0.04384044173648134,0.5886332882273342,0.0679978653384328,608,921,20087,870,0.6837631350180922
Logistic Balanced,0.78,0.40162271805273836,0.401894451962111,0.401758539059858,0.9578731911652704,0.04212680883472963,0.5981055480378891,0.06577425953926888,594,885,20123,884,0.6798838215636906
Logistic Balanced,0.79,0.4072524407252441,0.395128552097429,0.4010989010989011,0.9595392231530845,0.04046077684691546,0.6048714479025711,0.06377301432002135,584,850,20158,894,0.6773338876252567
Logistic Balanced,0.8,0.41299638989169674,0.3870094722598105,0.39958085923856096,0.9613004569687738,0.0386995430312262,0.6129905277401895,0.0615938806368407,572,813,20195,906,0.6741549646142921
Logistic Balanced,0.81,0.41822255414488424,0.37889039242219213,0.39758608448704297,0.9629188880426505,0.03708111195734958,0.6211096075778079,0.05954816330160989,560,779,20229,918,0.6709046402324212
Logistic Balanced,0.82,0.42304717710750195,0.37009472259810555,0.3948033201010466,0.9644897182025894,0.03551028179741051,0.6299052774018945,0.05750244596637908,547,746,20262,931,0.6672922204003475
Logistic Balanced,0.83,0.42937399678972715,0.36197564276048716,0.39280469897209985,0.9661557501904037,0.03384424980959634,0.6380243572395129,0.055412256515164994,535,711,20297,943,0.6640656964754454
Logistic Balanced,0.84,0.43449419568822556,0.35453315290933696,0.39046199701937406,0.9675361766945926,0.032463823305407466,0.645466847090663,0.05363337187583385,524,682,20326,954,0.6610346648019647
Logistic Balanced,0.85,0.44463818657367044,0.34506089309878213,0.38857142857142857,0.9696782178217822,0.03032178217821782,0.6549391069012178,0.051009517032820424,510,637,20371,968,0.6573695554602822
Logistic Balanced,0.86,0.45018115942028986,0.33626522327469555,0.3849728892331526,0.9711062452399086,0.028893754760091393,0.6637347767253045,0.049097216045539446,497,607,20401,981,0.6536857342573021
Logistic Balanced,0.87,0.4597156398104265,0.32814614343707715,0.3829451243584682,0.9728674790555979,0.027132520944402133,0.6718538565629228,0.0469180823623588,485,570,20438,993,0.6505068112463375
Logistic Balanced,0.88,0.46360917248255235,0.31461434370771313,0.37484885126964934,0.9743907083015994,0.02560929169840061,0.6853856562922869,0.04460553233122832,465,538,20470,1013,0.6445025260046562
Logistic Balanced,0.89,0.4730728616684266,0.30311231393775373,0.3694845360824742,0.9762471439451638,0.023752856054836253,0.6968876860622463,0.04211509383616473,448,499,20509,1030,0.6396797289414587
Logistic Balanced,0.9,0.4799554565701559,0.29161028416779433,0.3627946127946128,0.9777703731911652,0.02222962680883473,0.7083897158322057,0.039935960152984076,431,467,20541,1047,0.6346903286794798
Logistic Balanced,0.91,0.4833729216152019,0.2753721244925575,0.35086206896551725,0.9792936024371668,0.020706397562833205,0.7246278755074425,0.037445521657920484,407,435,20573,1071,0.6273328634648622
Logistic Balanced,0.92,0.4891994917407878,0.2604871447902571,0.33995584988962474,0.9808644325971059,0.019135567402894134,0.7395128552097429,0.03499955527884017,385,402,20606,1093,0.6206757886936815
Logistic Balanced,0.93,0.49722991689750695,0.2428958051420839,0.32636363636363636,0.9827208682406702,0.01727913175932978,0.7571041948579161,0.03210886773992706,359,363,20645,1119,0.612808336691377
Logistic Balanced,0.94,0.5044117647058823,0.23207036535859268,0.3178869323447637,0.9839584920030464,0.01604150799695354,0.7679296346414073,0.030241038868629368,343,337,20671,1135,0.6080144286808196
Logistic Balanced,0.95,0.5103668261562998,0.2165087956698241,0.30403800475059384,0.9853865194211728,0.014613480578827113,0.7834912043301759,0.02788401672151561,320,307,20701,1158,0.6009476575454985
XGBoost Baseline,0.05,0.17579779723242023,0.8423545331529093,0.2908878504672897,0.7221534653465347,0.27784653465346537,0.15764546684709066,0.31495152539357824,1245,5837,15171,233,0.7822539992497219
XGBoost Baseline,0.06,0.1976343026121242,0.8139377537212449,0.31804362194315927,0.7675171363290175,0.23248286367098248,0.18606224627875506,0.2707017699902161,1203,4884,16124,275,0.7907274450251311
XGBoost Baseline,0.07,0.21421941711527753,0.7807848443843031,0.33619810633648944,0.798505331302361,0.201494668697639,0.21921515561569688,0.2395712888019212,1154,4233,16775,324,0.7896450878433321
XGBoost Baseline,0.08,0.23193916349809887,0.7428958051420839,0.3535093367675467,0.8269230769230769,0.17307692307692307,0.2571041948579161,0.21053099706484035,1098,3636,17372,380,0.7849094410325803
XGBoost Baseline,0.09,0.24941176470588236,0.7171853856562923,0.37011173184357543,0.8481530845392231,0.15184691546077686,0.2828146143437077,0.18900649292893357,1060,3190,17818,418,0.7826692350977578
XGBoost Baseline,0.1,0.26585623678646936,0.6806495263870095,0.3823641201064234,0.8677646610814927,0.13223533891850722,0.3193504736129905,0.16828248688072578,1006,2778,18230,472,0.7742070937342511
XGBoost Baseline,0.11,0.2850426094622392,0.6562922868741543,0.39745953698012704,0.8841869763899467,0.11581302361005331,0.34370771312584575,0.1513386106910967,970,2433,18575,508,0.7702396316320506
XGBoost Baseline,0.12,0.2984259556697719,0.628552097428958,0.40470485732955785,0.8960396039603961,0.10396039603960396,0.37144790257104193,0.13844169705594592,929,2184,18824,549,0.7622958506946771
XGBoost Baseline,0.13,0.3119553851516208,0.6055480378890392,0.4117782378651944,0.906035795887281,0.09396420411271897,0.3944519621109608,0.12759050075602596,895,1974,19034,583,0.7557919168881602
XGBoost Baseline,0.14,0.32346326836581707,0.5838971583220568,0.4163048721659431,0.9140803503427266,0.08591964965727342,0.41610284167794315,0.118651605443387,863,1805,19203,615,0.7489887543323916
XGBoost Baseline,0.15,0.3354480570975416,0.5723951285520974,0.423,0.9202208682406702,0.07977913175932978,0.42760487144790255,0.11215867650982833,846,1676,19332,632,0.7463079983963838
XGBoost Baseline,0.16,0.3426160337552743,0.5493910690121786,0.42203742203742206,0.9258377760853008,0.07416222391469916,0.4506089309878214,0.10539891488037001,812,1558,19450,666,0.7376144225487398
XGBoost Baseline,0.17,0.35230838189152847,0.5317997293640054,0.4238339174979779,0.9312166793602438,0.06878332063975628,0.46820027063599456,0.0992172907586943,786,1445,19563,692,0.7315082043621246
XGBoost Baseline,0.18,0.3608880491261219,0.516914749661705,0.42503477051460364,0.9355959634424981,0.0644040365575019,0.48308525033829497,0.09414746953660055,764,1353,19655,714,0.7262553565521015
XGBoost Baseline,0.19,0.37230306071249375,0.5020297699594046,0.42754249495822527,0.940451256664128,0.05954874333587205,0.4979702300405954,0.08863292715467402,742,1251,19757,736,0.7212405133117663
XGBoost Baseline,0.2,0.3834823776959495,0.493234100135318,0.43148860609647827,0.9442117288651942,0.055788271134805785,0.506765899864682,0.0845414924842124,729,1172,19836,749,0.718722914500256
XGBoost Baseline,0.21,0.38904261206419477,0.47564276048714477,0.42800608828006087,0.9474485910129474,0.05255140898705255,0.5243572395128552,0.08036111358178422,703,1104,19904,775,0.7115456757500461
XGBoost Baseline,0.22,0.3962703962703963,0.46008119079837617,0.4257983719474014,0.9506854531607006,0.04931454683929931,0.5399188092016238,0.07631415102730588,680,1036,19972,798,0.7053833219795385
XGBoost Baseline,0.23,0.4029038112522686,0.4506089309878214,0.4254231874800383,0.9530178979436406,0.046982102056359484,0.5493910690121786,0.07351240772035933,666,987,20021,812,0.701813414465731
XGBoost Baseline,0.24,0.4071969696969697,0.4364005412719892,0.42129327237099934,0.9553027418126429,0.044697258187357196,0.5635994587280109,0.07044383171751312,645,939,20069,833,0.695851641542316
XGBoost Baseline,0.25,0.4137254901960784,0.4282814614343708,0.4208776595744681,0.9573019801980198,0.0426980198019802,0.5717185385656293,0.06804233745441608,633,897,20111,845,0.6927917208161953
XGBoost Baseline,0.26,0.4199864956110736,0.4208389715832206,0.42041230145319364,0.9591108149276466,0.04088918507235339,0.5791610284167794,0.06586320377123543,622,859,20149,856,0.6899748932554336
XGBoost Baseline,0.27,0.4289713086074178,0.41474966170500677,0.4217406260749914,0.9611576542269612,0.03884234577303884,0.5852503382949933,0.06355065374010495,613,816,20192,865,0.687953657965984
XGBoost Baseline,0.28,0.43386627906976744,0.40392422192151556,0.4183601962158374,0.9629188880426505,0.03708111195734958,0.5960757780784844,0.061193631592991196,597,779,20229,881,0.683421554982083
XGBoost Baseline,0.29,0.4369369369369369,0.39377537212449254,0.41423487544483983,0.9642993145468393,0.0357006854531607,0.6062246278755075,0.05923685848972694,582,750,20258,896,0.6790373433356659
XGBoost Baseline,0.3,0.4453125,0.38565629228687415,0.41334300217548947,0.9662033511043412,0.033796648895658796,0.6143437077131259,0.05692430845859646,570,710,20298,908,0.6759298216956077
XGBoost Baseline,0.31,0.450487012987013,0.37550744248985113,0.4095940959409594,0.9677741812642803,0.032225818735719725,0.6244925575101489,0.05478964689139909,555,677,20331,923,0.6716408118770657
XGBoost Baseline,0.32,0.45646661031276414,0.36535859269282817,0.40586245772266066,0.9693926123381569,0.030607387661843108,0.6346414073071719,0.05261051320821845,540,643,20365,938,0.6673756025154925
XGBoost Baseline,0.33,0.45984112974404234,0.35250338294993233,0.39908081194944467,0.9708682406702208,0.02913175932977913,0.6474966170500677,0.05038690740905452,521,612,20396,957,0.6616858118100766
XGBoost Baseline,0.34,0.4677121771217712,0.34303112313937756,0.3957845433255269,0.972534272658035,0.027465727341964966,0.6569688768606224,0.04820777372587388,507,577,20431,971,0.6577826978987062
XGBoost Baseline,0.35,0.47262247838616717,0.33288227334235454,0.39063120285827707,0.9738670982482863,0.026132901751713632,0.6671177266576455,0.0462954727385929,492,549,20459,986,0.6533746857953204
XGBoost Baseline,0.36,0.47843530591775324,0.3227334235453315,0.38545454545454544,0.9752475247524752,0.024752475247524754,0.6772665764546685,0.044338699635328646,477,520,20488,1001,0.6489904741489034
XGBoost Baseline,0.37,0.48736842105263156,0.31326116373477675,0.38138385502471167,0.9768183549124143,0.023181645087585682,0.6867388362652233,0.04224851018411456,463,487,20521,1015,0.6450397593235955
XGBoost Baseline,0.38,0.4961580680570801,0.30581867388362655,0.378401004604437,0.9781511805026657,0.02184881949733435,0.6941813261163735,0.0405140976607667,452,459,20549,1026,0.6419849271931461
XGBoost Baseline,0.39,0.5017221584385764,0.2956698240866035,0.3720732226479353,0.9793412033511043,0.02065879664889566,0.7043301759133965,0.03873521302143556,437,434,20574,1041,0.6375055137188539
XGBoost Baseline,0.4,0.511543134872418,0.2848443843031123,0.36592785745328116,0.9808644325971059,0.019135567402894134,0.7151556156968877,0.03660055145423819,421,402,20606,1057,0.6328544084501091
XGBoost Baseline,0.41,0.5145385587863464,0.2753721244925575,0.35874834728955485,0.9817212490479817,0.01827875095201828,0.7246278755074425,0.03517744374277328,407,384,20624,1071,0.6285466867702696
XGBoost Baseline,0.42,0.5170603674540682,0.2665764546684709,0.3517857142857143,0.9824828636709825,0.017517136329017517,0.7334235453315291,0.03388775237925821,394,368,20640,1084,0.6245296591697267
XGBoost Baseline,0.43,0.5270457697642164,0.2571041948579161,0.34561164165529784,0.9837680883472962,0.016231911652703733,0.7428958051420839,0.03206439562394379,380,341,20667,1098,0.6204361416026062
XGBoost Baseline,0.44,0.5354558610709117,0.2503382949932341,0.34117104656523745,0.9847201066260473,0.01527989337395278,0.7496617050067659,0.03073023214444543,370,321,20687,1108,0.6175292008096407
XGBoost Baseline,0.45,0.541033434650456,0.2408660351826793,0.3333333333333333,0.9856245239908606,0.014375476009139375,0.7591339648173207,0.02926265231699724,356,302,20706,1122,0.61324527958677
XGBoost Baseline,0.46,0.5506535947712419,0.2280108254397835,0.32248803827751193,0.9869097486671744,0.01309025133282559,0.7719891745602165,0.027216934981766434,337,275,20733,1141,0.607460287053479
XGBoost Baseline,0.47,0.5582191780821918,0.22056833558863329,0.31619786614936957,0.9877189642041128,0.01228103579588728,0.7794316644113667,0.025971715734234634,326,258,20750,1152,0.604143649896373
XGBoost Baseline,0.48,0.5619389587073609,0.21177266576454667,0.3076167076167076,0.9883853769992383,0.011614623000761614,0.7882273342354533,0.024770968602686117,313,244,20764,1165,0.6000790213818925
XGBoost Baseline,0.49,0.5606936416184971,0.19688768606224627,0.2914371557336004,0.9891469916222392,0.010853008377760853,0.8031123139377537,0.023081028195321533,291,228,20780,1187,0.5930173388422427
XGBoost Baseline,0.5,0.5688259109311741,0.19012178619756429,0.28498985801217036,0.9898610053313024,0.010138994668697639,0.8098782138024357,0.02196922529573957,281,213,20795,1197,0.5899913957644334
XGBoost Baseline,0.51,0.5760869565217391,0.17929634641407308,0.27347781217750256,0.9907178217821783,0.009282178217821782,0.8207036535859269,0.0204571733523081,265,195,20813,1213,0.5850070840981256
XGBoost Baseline,0.52,0.5811764705882353,0.16711772665764546,0.25959012086179717,0.9915270373191165,0.008472962680883473,0.8328822733423545,0.018900649292893357,247,178,20830,1231,0.579322381988381
XGBoost Baseline,0.53,0.5891089108910891,0.16102841677943167,0.25292242295430395,0.9920982482863671,0.007901751713632901,0.8389715832205683,0.017966734857244506,238,166,20842,1240,0.5765633325328994
XGBoost Baseline,0.54,0.5910290237467019,0.15155615696887687,0.2412493268712978,0.9926218583396801,0.007378141660319878,0.8484438430311232,0.016854931957662547,224,155,20853,1254,0.5720890076542785
XGBoost Baseline,0.55,0.6038781163434903,0.14749661705006767,0.23708537248504621,0.9931930693069307,0.006806930693069307,0.8525033829499323,0.01605443386996353,218,143,20865,1260,0.5703448431784992
XGBoost Baseline,0.56,0.6130952380952381,0.13937753721244925,0.22712238147739802,0.9938118811881188,0.006188118811881188,0.8606224627875507,0.01494263097038157,206,130,20878,1272,0.566594709200284
XGBoost Baseline,0.57,0.6229508196721312,0.12855209742895804,0.2131239484015704,0.994525894897182,0.005474105102817974,0.871447902571042,0.013563995374899938,190,115,20893,1288,0.56153899616307
XGBoost Baseline,0.58,0.6258741258741258,0.12110960757780785,0.20294784580498867,0.9949067022086824,0.005093297791317593,0.8788903924221921,0.012719025171217646,179,107,20901,1299,0.5580081548932451
XGBoost Baseline,0.59,0.6204379562043796,0.11502029769959404,0.19406392694063926,0.995049504950495,0.0049504950495049506,0.8849797023004059,0.012185359779418304,170,104,20904,1308,0.5550349013250445
XGBoost Baseline,0.6,0.62890625,0.10893098782138025,0.18569780853517878,0.9954779131759329,0.004522086824067022,0.8910690121786198,0.011384861691719293,161,95,20913,1317,0.5522044504986566
XGBoost Baseline,0.61,0.640495867768595,0.10487144790257104,0.18023255813953487,0.9958587204874334,0.004141279512566641,0.8951285520974289,0.010762252067953393,155,87,20921,1323,0.5503650841950022
XGBoost Baseline,0.62,0.6304347826086957,0.09810554803788904,0.16978922716627634,0.9959539223153084,0.004046077684691546,0.9018944519621109,0.01022858667615405,145,85,20923,1333,0.5470297351765987
XGBoost Baseline,0.63,0.6255924170616114,0.08930987821380243,0.15630550621669628,0.9962395277989338,0.0037604722010662604,0.9106901217861976,0.00938361647247176,132,79,20929,1346,0.5427747030063681
XGBoost Baseline,0.64,0.6217616580310881,0.08119079837618404,0.1436265709156194,0.996525133282559,0.0034748667174409748,0.918809201623816,0.008583118384772747,120,73,20935,1358,0.5388579658293715
XGBoost Baseline,0.65,0.639344262295082,0.07916102841677942,0.14087898856110775,0.9968583396801218,0.0031416603198781414,0.9208389715832206,0.008138397224939963,117,66,20942,1361,0.5380096840484506
XGBoost Baseline,0.66,0.6242424242424243,0.06968876860622462,0.12538040170419965,0.997048743335872,0.002951256664127951,0.9303112313937754,0.00733789913724095,103,62,20946,1375,0.5333687559710483
XGBoost Baseline,0.67,0.6265822784810127,0.06698240866035182,0.12102689486552567,0.9971915460776847,0.0028084539223153086,0.9330175913396481,0.007026594325358001,99,59,20949,1379,0.5320869773690182
XGBoost Baseline,0.68,0.6595744680851063,0.06292286874154263,0.11488573193329216,0.9977151561309977,0.002284843869002285,0.9370771312584574,0.006270568353642266,93,48,20960,1385,0.5303190124362702
XGBoost Baseline,0.69,0.6692913385826772,0.05751014884979702,0.1059190031152648,0.998000761614623,0.0019992383853769994,0.942489851150203,0.0056479587298763675,85,42,20966,1393,0.52775545523221
XGBoost Baseline,0.7,0.6875,0.052097428958051424,0.09685534591194969,0.9983339680121859,0.001666031987814166,0.9479025710419485,0.00498087699012719,77,35,20973,1401,0.5252156984851186
XGBoost Baseline,0.71,0.7157894736842105,0.046008119079837616,0.08645899554990465,0.9987147753236862,0.0012852246763137853,0.9539918809201624,0.004224851018411456,68,27,20981,1410,0.5223614472017619
XGBoost Baseline,0.72,0.7,0.037889039242219216,0.07188703465982028,0.9988575780654989,0.0011424219345011425,0.9621109607577808,0.0035577692786622787,56,24,20984,1422,0.5183733086538591
XGBoost Baseline,0.73,0.6865671641791045,0.03112313937753721,0.05954692556634304,0.9990003808073115,0.0009996191926884997,0.9688768606224628,0.0029796317708796587,46,21,20987,1432,0.5150617600924243
XGBoost Baseline,0.74,0.6727272727272727,0.02503382949932341,0.04827136333985649,0.9991431835491241,0.0008568164508758568,0.9749661705006766,0.0024459663790803166,37,18,20990,1441,0.5120885065242238
XGBoost Baseline,0.75,0.6862745098039216,0.02368064952638701,0.04578155657292348,0.9992383853769993,0.0007616146230007616,0.976319350473613,0.0022680779151472027,35,16,20992,1443,0.5114595174516932
XGBoost Baseline,0.76,0.6590909090909091,0.01962110960757781,0.03810775295663601,0.9992859862909368,0.0007140137090632141,0.9803788903924222,0.0019567731032642532,29,15,20993,1449,0.5094535479492573
XGBoost Baseline,0.77,0.6764705882352942,0.015561569688768605,0.03042328042328042,0.999476389946687,0.0005236100533130236,0.9844384303112313,0.0015120519434314685,23,11,20997,1455,0.5075189798177278
XGBoost Baseline,0.78,0.6774193548387096,0.014208389715832206,0.027833001988071572,0.9995239908606245,0.000476009139375476,0.9857916102841678,0.001378635595481633,21,10,20998,1457,0.5068661902882283
XGBoost Baseline,0.79,0.7083333333333334,0.011502029769959404,0.022636484687083888,0.9996667936024372,0.0003332063975628332,0.9884979702300406,0.0010673307835986836,17,7,21001,1461,0.5055844116861983
XGBoost Baseline,0.8,0.6818181818181818,0.010148849797023005,0.02,0.9996667936024372,0.0003332063975628332,0.989851150202977,0.0009783865516321266,15,7,21001,1463,0.50490782169973
XGBoost Baseline,0.81,0.631578947368421,0.008119079837618403,0.01603206412825651,0.9996667936024372,0.0003332063975628332,0.9918809201623816,0.0008449702036822912,12,7,21001,1466,0.5038929367200278
XGBoost Baseline,0.82,0.6428571428571429,0.006089309878213802,0.012064343163538873,0.9997619954303123,0.000238004569687738,0.9939106901217862,0.0006226096237658987,9,5,21003,1469,0.502925652654263
XGBoost Baseline,0.83,0.6666666666666666,0.0040595399188092015,0.008069939475453935,0.9998571972581873,0.0001428027418126428,0.9959404600811907,0.00040024904384950637,6,3,21005,1472,0.5019583685884983
XGBoost Baseline,0.84,0.75,0.0040595399188092015,0.008075370121130552,0.9999047981721249,9.52018278750952e-05,0.9959404600811907,0.0003557769278662279,6,2,21006,1472,0.501982169045467
XGBoost Baseline,0.85,0.7142857142857143,0.0033829499323410014,0.006734006734006734,0.9999047981721249,9.52018278750952e-05,0.996617050067659,0.00031130481188294936,5,2,21006,1473,0.5016438740522329
XGBoost Baseline,0.86,0.7142857142857143,0.0033829499323410014,0.006734006734006734,0.9999047981721249,9.52018278750952e-05,0.996617050067659,0.00031130481188294936,5,2,21006,1473,0.5016438740522329
XGBoost Baseline,0.87,0.6,0.0020297699594046007,0.004045853000674309,0.9999047981721249,9.52018278750952e-05,0.9979702300405954,0.00022236057991639242,3,2,21006,1475,0.5009672840657647
XGBoost Baseline,0.88,1.0,0.0013531799729364006,0.002702702702702703,1.0,0.0,0.9986468200270636,8.894423196655697e-05,2,0,21008,1476,0.5006765899864682
XGBoost Baseline,0.89,0.0,0.0,0.0,1.0,0.0,1.0,0.0,0,0,21008,1478,0.5
XGBoost Baseline,0.9,0.0,0.0,0.0,1.0,0.0,1.0,0.0,0,0,21008,1478,0.5
XGBoost Baseline,0.91,0.0,0.0,0.0,1.0,0.0,1.0,0.0,0,0,21008,1478,0.5
XGBoost Baseline,0.92,0.0,0.0,0.0,1.0,0.0,1.0,0.0,0,0,21008,1478,0.5
XGBoost Baseline,0.93,0.0,0.0,0.0,1.0,0.0,1.0,0.0,0,0,21008,1478,0.5
XGBoost Baseline,0.94,0.0,0.0,0.0,1.0,0.0,1.0,0.0,0,0,21008,1478,0.5
XGBoost Baseline,0.95,0.0,0.0,0.0,1.0,0.0,1.0,0.0,0,0,21008,1478,0.5
LightGBM Tuned (LGBM-02),0.05,0.1782092147203709,0.8322056833558863,0.2935560859188544,0.73000761614623,0.26999238385377,0.16779431664411368,0.3069465445165881,1230,5672,15336,248,0.7811066497510581
LightGBM Tuned (LGBM-02),0.06,0.19940079893475365,0.8105548037889039,0.3200641196900882,0.7710396039603961,0.22896039603960397,0.18944519621109607,0.26718847282753716,1198,4810,16198,280,0.79079720387465
LightGBM Tuned (LGBM-02),0.07,0.21865558912386707,0.7834912043301759,0.34189548272807796,0.803027418126428,0.19697258187357197,0.2165087956698241,0.23552432624744285,1158,4138,16870,320,0.793259311228302
LightGBM Tuned (LGBM-02),0.08,0.23355817875210794,0.7496617050067659,0.3561555769848923,0.8269230769230769,0.17307692307692307,0.2503382949932341,0.21097571822467312,1108,3636,17372,370,0.7882923909649213
LightGBM Tuned (LGBM-02),0.09,0.24888050907376855,0.7144790257104194,0.36916622968012586,0.8482958872810358,0.1517041127189642,0.2855209742895805,0.1886951881170506,1056,3187,17821,422,0.7813874564957276
LightGBM Tuned (LGBM-02),0.1,0.26533822758259046,0.6847090663058186,0.382464096749811,0.8666222391469917,0.13337776085300837,0.3152909336941813,0.16961665036022414,1012,2802,18206,466,0.7756656527264052
LightGBM Tuned (LGBM-02),0.11,0.28024193548387094,0.6583220568335588,0.3931313131313131,0.8810453160700685,0.11895468392993146,0.3416779431664411,0.1544071866939429,973,2499,18509,505,0.7696836864518137
LightGBM Tuned (LGBM-02),0.12,0.29007158418923124,0.6305818673883626,0.39735664037518653,0.891422315308454,0.10857768469154608,0.36941813261163736,0.14288890865427378,932,2281,18727,546,0.7610020913484083
LightGBM Tuned (LGBM-02),0.13,0.3051643192488263,0.6156968876860622,0.4080717488789238,0.9013709063214014,0.09862909367859862,0.38430311231393777,0.13261584986213645,910,2072,18936,568,0.7585338970037319
LightGBM Tuned (LGBM-02),0.14,0.31926406926406925,0.5987821380243572,0.4164705882352941,0.9101770753998477,0.08982292460015233,0.40121786197564274,0.12327670550564795,885,1887,19121,593,0.7544796067121025
LightGBM Tuned (LGBM-02),0.15,0.32962821004216175,0.5818673883626523,0.42084658673843894,0.9167460015232293,0.08325399847677076,0.4181326116373478,0.11602775060037357,860,1749,19259,618,0.7493066949429408
LightGBM Tuned (LGBM-02),0.16,0.338079739625712,0.5622462787550744,0.4222560975609756,0.9225533130236101,0.07744668697638994,0.43775372124492556,0.10931246108689852,831,1627,19381,647,0.7423997958893422
LightGBM Tuned (LGBM-02),0.17,0.3438566552901024,0.5453315290933695,0.4217687074829932,0.9267897943640518,0.07321020563594821,0.4546684709066306,0.10424263986480477,806,1538,19470,672,0.7360606617287107
LightGBM Tuned (LGBM-02),0.18,0.35447593342330186,0.5331529093369418,0.4258308565252634,0.9316926884996192,0.0683073115003808,0.4668470906630582,0.09886151383082807,788,1435,19573,690,0.7324227989182805
LightGBM Tuned (LGBM-02),0.19,0.3616619452313503,0.5182679296346414,0.42602892102335926,0.9356435643564357,0.06435643564356436,0.4817320703653586,0.09419194165258384,766,1352,19656,712,0.7269557469955386
LightGBM Tuned (LGBM-02),0.2,0.3708477937530987,0.5060893098782138,0.4280400572246066,0.9395944402132521,0.06040555978674791,0.4939106901217862,0.0897002579382727,748,1269,19739,730,0.7228418750457329
LightGBM Tuned (LGBM-02),0.21,0.3810264385692068,0.4972936400541272,0.43146463164073967,0.9431645087585682,0.056835491241431835,0.5027063599458728,0.0857867117317442,735,1194,19814,743,0.7202290744063476
LightGBM Tuned (LGBM-02),0.22,0.38482095136290756,0.4871447902571042,0.42997909823828007,0.9452113480578828,0.05478865194211729,0.5128552097428958,0.08320732900471405,720,1151,19857,758,0.7161780691574935
LightGBM Tuned (LGBM-02),0.23,0.3896321070234114,0.472936400541272,0.42726161369193155,0.9478769992383854,0.05212300076161462,0.527063599458728,0.0797829760740016,699,1095,19913,779,0.7104066998898287
LightGBM Tuned (LGBM-02),0.24,0.39547038327526135,0.46075778078484436,0.425625,0.9504474485910129,0.04955255140898705,0.5392422192151556,0.07658098372320556,681,1041,19967,797,0.7056026146879286
LightGBM Tuned (LGBM-02),0.25,0.4056029232643118,0.4506089309878214,0.4269230769230769,0.9535415079969536,0.046458492003046456,0.5493910690121786,0.07302321444454327,666,976,20032,812,0.7020752194923875
LightGBM Tuned (LGBM-02),0.26,0.41217501585288524,0.4397834912043302,0.425531914893617,0.9558739527798934,0.04412604722010663,0.5602165087956699,0.07013252690563017,650,927,20081,828,0.6978287219921118
LightGBM Tuned (LGBM-02),0.27,0.4152431011826544,0.42760487144790255,0.42133333333333334,0.9576351865955827,0.04236481340441736,0.5723951285520974,0.06768656052654985,632,890,20118,846,0.6926200290217426
LightGBM Tuned (LGBM-02),0.28,0.422237380627558,0.41880920162381596,0.4205163043478261,0.9596820258948972,0.040317974105102815,0.581190798376184,0.06519612203148625,619,847,20161,859,0.6892456137593566
LightGBM Tuned (LGBM-02),0.29,0.4263456090651558,0.40730717185385656,0.4166089965397924,0.9614432597105864,0.038556740289413555,0.5926928281461434,0.06279462776838922,602,810,20198,876,0.6843752157822215
LightGBM Tuned (LGBM-02),0.3,0.42593957258658804,0.3910690121786198,0.4077601410934744,0.9629188880426505,0.03708111195734958,0.6089309878213802,0.0603486613893089,578,779,20229,900,0.6769939501106351
LightGBM Tuned (LGBM-02),0.31,0.4339477726574501,0.38227334235453314,0.4064748201438849,0.9649181264280274,0.03508187357197258,0.6177266576454669,0.057902695010228586,565,737,20271,913,0.6735957343912803
LightGBM Tuned (LGBM-02),0.32,0.44399677679290894,0.37280108254397837,0.40529606472968005,0.9671553693830921,0.032844630616907844,0.6271989174560216,0.0551898959352486,551,690,20318,927,0.6699782259635352
LightGBM Tuned (LGBM-02),0.33,0.45210084033613446,0.36400541271989173,0.4032983508245877,0.968964204112719,0.031035795887281035,0.6359945872801083,0.052921818020101395,538,652,20356,940,0.6664848084163053
LightGBM Tuned (LGBM-02),0.34,0.4641275465013286,0.35453315290933696,0.4019946298427311,0.9712014470677837,0.0287985529322163,0.645466847090663,0.050209018945121406,524,605,20403,954,0.6628672999885603
LightGBM Tuned (LGBM-02),0.35,0.47388059701492535,0.34370771312584575,0.3984313725490196,0.9731530845392231,0.026846915460776846,0.6562922868741543,0.04767410833407454,508,564,20444,970,0.6584303988325344
LightGBM Tuned (LGBM-02),0.36,0.48279252704031467,0.33220568335588635,0.3935871743486974,0.97496191926885,0.025038080731150037,0.6677943166441137,0.04522814195499422,491,526,20482,987,0.6535838013123682
LightGBM Tuned (LGBM-02),0.37,0.49077868852459017,0.32408660351826796,0.3903830480847596,0.9763423457730388,0.02365765422696116,0.6759133964817321,0.0434047851996798,479,497,20511,999,0.6502144746456534
LightGBM Tuned (LGBM-02),0.38,0.5010729613733905,0.3159675236806495,0.387551867219917,0.9778655750190404,0.022134424980959633,0.6840324763193505,0.04144801209641555,467,465,20543,1011,0.646916549349845
LightGBM Tuned (LGBM-02),0.39,0.5033860045146726,0.3017591339648173,0.377326565143824,0.9790555978674791,0.020944402132520943,0.6982408660351827,0.03940229476118474,446,440,20568,1032,0.6404073659161482
LightGBM Tuned (LGBM-02),0.4,0.5100830367734283,0.29093369418132614,0.3705299439896596,0.9803408225437928,0.01965917745620716,0.7090663058186739,0.03748999377390376,430,413,20595,1048,0.6356372583625595
LightGBM Tuned (LGBM-02),0.41,0.5136138613861386,0.2807848443843031,0.363079615048119,0.9812928408225438,0.018707159177456207,0.7192151556156969,0.03593346971448901,415,393,20615,1063,0.6310388426034235
LightGBM Tuned (LGBM-02),0.42,0.5221932114882507,0.2706359945872801,0.35650623885918004,0.9825780654988576,0.017421934501142423,0.7293640054127198,0.03406564084319132,400,366,20642,1078,0.6266070300430688
LightGBM Tuned (LGBM-02),0.43,0.5251700680272109,0.26116373477672533,0.3488477180298238,0.9833872810357959,0.016612718964204114,0.7388362652232747,0.032687005247709684,386,349,20659,1092,0.6222755079062606
LightGBM Tuned (LGBM-02),0.44,0.5365853658536586,0.2530446549391069,0.34390804597701147,0.9846249047981721,0.015375095201827876,0.7469553450608931,0.030997064840345104,374,323,20685,1104,0.6188347798686396
LightGBM Tuned (LGBM-02),0.45,0.5363636363636364,0.2395128552097429,0.33115060804490176,0.9854341203351105,0.014565879664889566,0.7604871447902571,0.0293515965489638,354,306,20702,1124,0.6124734877724267
LightGBM Tuned (LGBM-02),0.46,0.5442834138486312,0.22868741542625168,0.32205812291567415,0.986528941355674,0.01347105864432597,0.7713125845737483,0.02761718402561594,338,283,20725,1140,0.6076081783909628
LightGBM Tuned (LGBM-02),0.47,0.5435897435897435,0.21515561569688768,0.30828889966068834,0.9872905559786748,0.01270944402132521,0.7848443843031123,0.026016187850217913,318,267,20741,1160,0.6012230858377812
LightGBM Tuned (LGBM-02),0.48,0.5557553956834532,0.2090663058186739,0.30383480825958703,0.9882425742574258,0.011757425742574257,0.7909336941813261,0.02472649648670284,309,247,20761,1169,0.5986544400380498
LightGBM Tuned (LGBM-02),0.49,0.5665399239543726,0.20162381596752368,0.29740518962075846,0.9891469916222392,0.010853008377760853,0.7983761840324763,0.02339233300720448,298,228,20780,1180,0.5953854037948815
LightGBM Tuned (LGBM-02),0.5,0.5705394190871369,0.18606224627875506,0.28061224489795916,0.9901466108149276,0.009853389185072354,0.8139377537212449,0.021435559903940228,275,207,20801,1203,0.5881044285468413
LightGBM Tuned (LGBM-02),0.51,0.5749440715883669,0.17388362652232747,0.26701298701298704,0.990955826351866,0.009044173648134044,0.8261163734776725,0.019879035844525484,257,190,20818,1221,0.5824197264370967
LightGBM Tuned (LGBM-02),0.52,0.5811764705882353,0.16711772665764546,0.25959012086179717,0.9915270373191165,0.008472962680883473,0.8328822733423545,0.018900649292893357,247,178,20830,1231,0.579322381988381
LightGBM Tuned (LGBM-02),0.53,0.5902061855670103,0.15493910690121787,0.2454448017148982,0.9924314546839299,0.007568545316070069,0.8450608930987822,0.017255181001512052,229,159,20849,1249,0.5736852807925739
LightGBM Tuned (LGBM-02),0.54,0.6060606060606061,0.14884979702300405,0.2390005431830527,0.9931930693069307,0.006806930693069307,0.851150202976996,0.01614337810193009,220,143,20865,1258,0.5710214331649675
LightGBM Tuned (LGBM-02),0.55,0.6176470588235294,0.14208389715832206,0.23102310231023102,0.9938118811881188,0.006188118811881188,0.857916102841678,0.015120519434314684,210,130,20878,1268,0.5679478891732205
LightGBM Tuned (LGBM-02),0.56,0.6246056782334385,0.13396481732070364,0.22061281337047353,0.9943354912414318,0.005664508758568164,0.8660351826792964,0.01409766076669928,198,119,20889,1280,0.5641501542810677
LightGBM Tuned (LGBM-02),0.57,0.6363636363636364,0.12787550744248985,0.21295774647887325,0.9948591012947449,0.005140898705255141,0.8721244925575101,0.01320821844703371,189,108,20900,1289,0.5613673043686174
LightGBM Tuned (LGBM-02),0.58,0.6370370370370371,0.11637347767253045,0.19679633867276888,0.9953351104341204,0.0046648895658796645,0.8836265223274695,0.01200747131548519,172,98,20910,1306,0.5558542940533254
LightGBM Tuned (LGBM-02),0.59,0.6338582677165354,0.10893098782138025,0.1859122401847575,0.9955731150038081,0.0044268849961919265,0.8910690121786198,0.011295917459752735,161,93,20915,1317,0.5522520514125941
LightGBM Tuned (LGBM-02),0.6,0.6398305084745762,0.10216508795669824,0.176196032672112,0.9959539223153084,0.004046077684691546,0.8978349120433018,0.010495419372053722,151,85,20923,1327,0.5490595051360033
LightGBM Tuned (LGBM-02),0.61,0.6412556053811659,0.09675236806495263,0.16813639035861258,0.9961919268849961,0.003808073115003808,0.9032476319350473,0.009917281864271103,143,80,20928,1335,0.5464721474749744
LightGBM Tuned (LGBM-02),0.62,0.6442307692307693,0.09066305818673884,0.15895610913404506,0.9964775323686215,0.0035224676313785224,0.9093369418132612,0.009250200124521924,134,74,20934,1344,0.5435702952776802
LightGBM Tuned (LGBM-02),0.63,0.6510416666666666,0.08457374830852503,0.1497005988023952,0.9968107387661843,0.003189261233815689,0.915426251691475,0.008538646268789469,125,67,20941,1353,0.5406922435373547
LightGBM Tuned (LGBM-02),0.64,0.6629213483146067,0.07983761840324763,0.14251207729468598,0.9971439451637472,0.0028560548362528563,0.9201623815967523,0.00791603664502357,118,60,20948,1360,0.5384907817834974
LightGBM Tuned (LGBM-02),0.65,0.6518987341772152,0.06968876860622462,0.12591687041564792,0.9973819497334349,0.002618050266565118,0.9303112313937754,0.007026594325358001,103,55,20953,1375,0.5335353591698297
LightGBM Tuned (LGBM-02),0.66,0.6783216783216783,0.06562922868741543,0.11967921036397286,0.9978103579588729,0.0021896420411271897,0.9343707713125846,0.006359512585608823,97,46,20962,1381,0.5317197933231441
LightGBM Tuned (LGBM-02),0.67,0.6821705426356589,0.05953991880920163,0.10952084629744867,0.9980483625285606,0.0019516374714394517,0.9404600811907984,0.005736902961842924,88,41,20967,1390,0.5287941406688811
LightGBM Tuned (LGBM-02),0.68,0.6842105263157895,0.05277401894451962,0.09798994974874371,0.9982863670982483,0.0017136329017517135,0.9472259810554804,0.0050698212220937474,78,36,20972,1400,0.5255301930213839
LightGBM Tuned (LGBM-02),0.69,0.6633663366336634,0.04533152909336942,0.08486383787207093,0.9983815689261234,0.0016184310738766184,0.9546684709066305,0.0044916837143111265,67,34,20974,1411,0.5218565490097464
LightGBM Tuned (LGBM-02),0.7,0.6444444444444445,0.03924221921515562,0.07397959183673469,0.9984767707539984,0.0015232292460015233,0.9607577807848444,0.004002490438495063,58,32,20976,1420,0.5188594949845771
LightGBM Tuned (LGBM-02),0.71,0.6428571428571429,0.030446549391069014,0.05813953488372093,0.9988099771515613,0.00119002284843869,0.969553450608931,0.0031130481188294938,45,25,20983,1433,0.5146282632713152
LightGBM Tuned (LGBM-02),0.72,0.6101694915254238,0.02435723951285521,0.0468445022771633,0.9989051789794364,0.0010948210205635948,0.9756427604871448,0.0026238548430134304,36,23,20985,1442,0.5116312092461458
LightGBM Tuned (LGBM-02),0.73,0.6346153846153846,0.022327469553450607,0.043137254901960784,0.9990955826351866,0.0009044173648134044,0.9776725304465493,0.002312550031130481,33,19,20989,1445,0.5107115260943186
LightGBM Tuned (LGBM-02),0.74,0.6136363636363636,0.018267929634641408,0.035479632063074903,0.9991907844630616,0.0008092155369383092,0.9817320703653586,0.0019567731032642532,27,17,20991,1451,0.5087293570488515
LightGBM Tuned (LGBM-02),0.75,0.696969696969697,0.015561569688768605,0.03044341495698213,0.9995239908606245,0.000476009139375476,0.9844384303112313,0.00146757982744819,23,10,20998,1455,0.5075427802746966
LightGBM Tuned (LGBM-02),0.76,0.6538461538461539,0.011502029769959404,0.022606382978723406,0.9995715917745621,0.0004284082254379284,0.9884979702300406,0.0011562750155652405,17,9,20999,1461,0.5055368107722608
LightGBM Tuned (LGBM-02),0.77,0.7083333333333334,0.011502029769959404,0.022636484687083888,0.9996667936024372,0.0003332063975628332,0.9884979702300406,0.0010673307835986836,17,7,21001,1461,0.5055844116861983
LightGBM Tuned (LGBM-02),0.78,0.6666666666666666,0.009472259810554804,0.018679119412941963,0.9996667936024372,0.0003332063975628332,0.9905277401894452,0.0009339144356488481,14,7,21001,1464,0.504569526706496
LightGBM Tuned (LGBM-02),0.79,0.7058823529411765,0.008119079837618403,0.016053511705685617,0.9997619954303123,0.000238004569687738,0.9918809201623816,0.0007560259717157343,12,5,21003,1466,0.5039405376339654
LightGBM Tuned (LGBM-02),0.8,0.6666666666666666,0.006765899864682003,0.013395847287340924,0.9997619954303123,0.000238004569687738,0.993234100135318,0.0006670817397491773,10,5,21003,1468,0.5032639476474972
LightGBM Tuned (LGBM-02),0.81,0.6666666666666666,0.006765899864682003,0.013395847287340924,0.9997619954303123,0.000238004569687738,0.993234100135318,0.0006670817397491773,10,5,21003,1468,0.5032639476474972
LightGBM Tuned (LGBM-02),0.82,0.7777777777777778,0.004736129905277402,0.00941492938802959,0.9999047981721249,9.52018278750952e-05,0.9952638700947226,0.00040024904384950637,7,2,21006,1471,0.5023204640387011
LightGBM Tuned (LGBM-02),0.83,0.7142857142857143,0.0033829499323410014,0.006734006734006734,0.9999047981721249,9.52018278750952e-05,0.996617050067659,0.00031130481188294936,5,2,21006,1473,0.5016438740522329
LightGBM Tuned (LGBM-02),0.84,0.6,0.0020297699594046007,0.004045853000674309,0.9999047981721249,9.52018278750952e-05,0.9979702300405954,0.00022236057991639242,3,2,21006,1475,0.5009672840657647
LightGBM Tuned (LGBM-02),0.85,0.6,0.0020297699594046007,0.004045853000674309,0.9999047981721249,9.52018278750952e-05,0.9979702300405954,0.00022236057991639242,3,2,21006,1475,0.5009672840657647
LightGBM Tuned (LGBM-02),0.86,0.6666666666666666,0.0013531799729364006,0.0027008777852802163,0.9999523990860625,4.76009139375476e-05,0.9986468200270636,0.00013341634794983545,2,1,21007,1476,0.5006527895294994
LightGBM Tuned (LGBM-02),0.87,0.6666666666666666,0.0013531799729364006,0.0027008777852802163,0.9999523990860625,4.76009139375476e-05,0.9986468200270636,0.00013341634794983545,2,1,21007,1476,0.5006527895294994
LightGBM Tuned (LGBM-02),0.88,1.0,0.0013531799729364006,0.002702702702702703,1.0,0.0,0.9986468200270636,8.894423196655697e-05,2,0,21008,1476,0.5006765899864682
LightGBM Tuned (LGBM-02),0.89,1.0,0.0006765899864682003,0.001352265043948614,1.0,0.0,0.9993234100135318,4.4472115983278487e-05,1,0,21008,1477,0.5003382949932341
LightGBM Tuned (LGBM-02),0.9,0.0,0.0,0.0,1.0,0.0,1.0,0.0,0,0,21008,1478,0.5
LightGBM Tuned (LGBM-02),0.91,0.0,0.0,0.0,1.0,0.0,1.0,0.0,0,0,21008,1478,0.5
LightGBM Tuned (LGBM-02),0.92,0.0,0.0,0.0,1.0,0.0,1.0,0.0,0,0,21008,1478,0.5
LightGBM Tuned (LGBM-02),0.93,0.0,0.0,0.0,1.0,0.0,1.0,0.0,0,0,21008,1478,0.5
LightGBM Tuned (LGBM-02),0.94,0.0,0.0,0.0,1.0,0.0,1.0,0.0,0,0,21008,1478,0.5
LightGBM Tuned (LGBM-02),0.95,0.0,0.0,0.0,1.0,0.0,1.0,0.0,0,0,21008,1478,0.5
