model,feature,importance,rank,configuration_id
XGBoost,NumberOfTimes90DaysLate,0.3297741711139679,1,XGB-07
XGBoost,RevolvingUtilizationOfUnsecuredLines,0.19235453009605408,2,XGB-07
XGBoost,NumberOfTime60-89DaysPastDueNotWorse,0.16831126809120178,3,XGB-07
XGBoost,NumberOfTime30-59DaysPastDueNotWorse,0.13172169029712677,4,XGB-07
XGBoost,has_special_delinquency_value,0.07329241186380386,5,XGB-07
XGBoost,NumberRealEstateLoansOrLines,0.02410629391670227,6,XGB-07
XGBoost,age,0.020430373027920723,7,XGB-07
XGBoost,NumberOfOpenCreditLinesAndLoans,0.014760862104594707,8,XGB-07
XGBoost,DebtRatio,0.012735340744256973,9,XGB-07
XGBoost,MonthlyIncome,0.01167740672826767,10,XGB-07
XGBoost,NumberOfDependents,0.008665267378091812,11,XGB-07
XGBoost,MonthlyIncome_missing,0.007650733459740877,12,XGB-07
XGBoost,NumberOfDependents_missing,0.004519757814705372,13,XGB-07
LightGBM,DebtRatio,749.0,1,LGBM-02
LightGBM,age,730.0,2,LGBM-02
LightGBM,RevolvingUtilizationOfUnsecuredLines,612.0,3,LGBM-02
LightGBM,MonthlyIncome,539.0,4,LGBM-02
LightGBM,NumberOfOpenCreditLinesAndLoans,408.0,5,LGBM-02
LightGBM,NumberOfTimes90DaysLate,286.0,6,LGBM-02
LightGBM,NumberOfTime30-59DaysPastDueNotWorse,258.0,7,LGBM-02
LightGBM,NumberRealEstateLoansOrLines,214.0,8,LGBM-02
LightGBM,NumberOfTime60-89DaysPastDueNotWorse,201.0,9,LGBM-02
LightGBM,NumberOfDependents,127.0,10,LGBM-02
LightGBM,has_special_delinquency_value,53.0,11,LGBM-02
LightGBM,NumberOfDependents_missing,16.0,12,LGBM-02
LightGBM,MonthlyIncome_missing,7.0,13,LGBM-02
